ketinggian_air,debit_air,curah_hujan,status,created_at
2.45,53.46,25.59,Aman,2026-04-25 22:46:30
2.42,52.87,29.87,Aman,2026-04-25 23:46:30
2.38,53.43,27.49,Aman,2026-04-26 00:46:30
2.62,55.40,32.72,Aman,2026-04-26 01:46:30
2.47,54.35,27.38,Aman,2026-04-26 02:46:30
2.27,50.62,29.88,Aman,2026-04-26 03:46:30
2.28,51.26,29.62,Aman,2026-04-26 04:46:30
2.52,54.95,31.88,Aman,2026-04-26 05:46:30
2.53,53.17,30.26,Aman,2026-04-26 06:46:30
2.39,51.34,26.92,Aman,2026-04-26 07:46:30
2.57,58.22,28.17,Aman,2026-04-26 08:46:30
2.53,55.40,30.30,Aman,2026-04-26 09:46:30
2.37,52.61,27.49,Aman,2026-04-26 10:46:30
2.60,56.83,32.38,Aman,2026-04-26 11:46:30
2.47,52.39,32.10,Aman,2026-04-26 12:46:30
2.60,57.67,27.99,Aman,2026-04-26 13:46:30
2.85,62.27,37.71,Aman,2026-04-26 14:46:30
2.61,58.75,28.59,Aman,2026-04-26 15:46:30
3.10,68.45,37.24,Waspada,2026-04-26 16:46:30
3.11,67.93,40.51,Waspada,2026-04-26 17:46:30
3.28,70.78,37.28,Waspada,2026-04-26 18:46:30
3.05,66.41,33.78,Waspada,2026-04-26 19:46:30
2.84,63.35,36.81,Aman,2026-04-26 20:46:30
3.53,76.63,40.38,Waspada,2026-04-26 21:46:30
3.72,83.19,41.69,Waspada,2026-04-26 22:46:30
3.95,85.98,46.79,Waspada,2026-04-26 23:46:30
3.88,84.70,44.73,Waspada,2026-04-27 00:46:30
3.70,81.42,40.99,Waspada,2026-04-27 01:46:30
3.91,85.34,44.03,Waspada,2026-04-27 02:46:30
3.81,84.77,45.01,Waspada,2026-04-27 03:46:30
3.77,84.15,43.19,Waspada,2026-04-27 04:46:30
4.02,87.29,45.01,Siaga,2026-04-27 05:46:30
3.08,65.63,38.64,Waspada,2026-04-27 06:46:30
3.30,70.41,42.53,Waspada,2026-04-27 07:46:30
3.35,75.28,37.30,Waspada,2026-04-27 08:46:30
3.37,73.26,43.18,Waspada,2026-04-27 09:46:30
3.88,83.69,43.36,Waspada,2026-04-27 10:46:30
3.79,82.41,44.40,Waspada,2026-04-27 11:46:30
3.58,79.87,46.43,Waspada,2026-04-27 12:46:30
3.52,75.01,40.16,Waspada,2026-04-27 13:46:30
3.60,81.12,39.57,Waspada,2026-04-27 14:46:30
3.70,81.81,42.64,Waspada,2026-04-27 15:46:30
3.63,80.86,44.87,Waspada,2026-04-27 16:46:30
3.56,80.25,45.26,Waspada,2026-04-27 17:46:30
3.55,76.07,41.86,Waspada,2026-04-27 18:46:30
3.76,83.75,42.43,Waspada,2026-04-27 19:46:30
5.58,120.59,63.59,Awas,2026-04-27 20:46:30
4.78,105.97,58.74,Siaga,2026-04-27 21:46:30
4.14,92.48,51.03,Siaga,2026-04-27 22:46:30
3.76,81.28,49.02,Waspada,2026-04-27 23:46:30
3.74,80.12,46.72,Waspada,2026-04-28 00:46:30
3.76,81.26,45.18,Waspada,2026-04-28 01:46:30
3.70,80.90,42.31,Waspada,2026-04-28 02:46:30
3.85,86.60,42.76,Waspada,2026-04-28 03:46:30
4.09,91.96,50.44,Siaga,2026-04-28 04:46:30
3.15,69.54,37.70,Waspada,2026-04-28 05:46:30
3.01,66.63,36.52,Waspada,2026-04-28 06:46:30
2.99,66.25,36.56,Aman,2026-04-28 07:46:30
2.82,60.27,37.17,Aman,2026-04-28 08:46:30
2.83,64.02,33.98,Aman,2026-04-28 09:46:30
2.62,57.53,33.91,Aman,2026-04-28 10:46:30
2.55,57.74,32.33,Aman,2026-04-28 11:46:30
2.32,50.66,25.34,Aman,2026-04-28 12:46:30
2.09,47.62,25.80,Aman,2026-04-28 13:46:30
2.35,50.90,29.15,Aman,2026-04-28 14:46:30
2.56,54.44,27.07,Aman,2026-04-28 15:46:30
3.32,72.60,41.84,Waspada,2026-04-28 16:46:30
3.56,79.05,42.52,Waspada,2026-04-28 17:46:30
3.46,74.75,38.06,Waspada,2026-04-28 18:46:30
3.56,78.68,43.36,Waspada,2026-04-28 19:46:30
3.54,76.66,41.58,Waspada,2026-04-28 20:46:30
3.63,81.17,44.63,Waspada,2026-04-28 21:46:30
3.71,79.11,46.67,Waspada,2026-04-28 22:46:30
3.76,82.52,43.35,Waspada,2026-04-28 23:46:30
3.75,83.26,41.01,Waspada,2026-04-29 00:46:30
3.52,76.69,38.97,Waspada,2026-04-29 01:46:30
3.71,83.81,41.35,Waspada,2026-04-29 02:46:30
3.84,85.51,45.63,Waspada,2026-04-29 03:46:30
3.96,85.95,51.40,Waspada,2026-04-29 04:46:30
4.39,96.29,48.93,Siaga,2026-04-29 05:46:30
3.48,74.21,44.12,Waspada,2026-04-29 06:46:30
3.30,70.37,38.79,Waspada,2026-04-29 07:46:30
3.39,74.85,40.50,Waspada,2026-04-29 08:46:30
3.36,75.05,42.57,Waspada,2026-04-29 09:46:30
3.46,76.63,43.10,Waspada,2026-04-29 10:46:30
3.56,76.76,39.58,Waspada,2026-04-29 11:46:30
3.42,74.11,38.94,Waspada,2026-04-29 12:46:30
3.65,82.42,41.29,Waspada,2026-04-29 13:46:30
3.64,81.90,47.29,Waspada,2026-04-29 14:46:30
3.63,78.46,44.68,Waspada,2026-04-29 15:46:30
3.76,83.99,44.23,Waspada,2026-04-29 16:46:30
3.74,81.07,43.76,Waspada,2026-04-29 17:46:30
3.93,87.35,43.48,Waspada,2026-04-29 18:46:30
4.23,91.90,50.51,Siaga,2026-04-29 19:46:30
3.84,85.43,45.82,Waspada,2026-04-29 20:46:30
3.73,81.96,47.86,Waspada,2026-04-29 21:46:30
3.95,84.97,44.76,Waspada,2026-04-29 22:46:30
3.96,89.54,48.59,Waspada,2026-04-29 23:46:30
4.00,85.83,45.06,Siaga,2026-04-30 00:46:30
3.10,67.36,38.58,Waspada,2026-04-30 01:46:30
2.89,61.63,37.73,Aman,2026-04-30 02:46:30
2.99,64.04,32.96,Aman,2026-04-30 03:46:30
3.17,70.65,38.13,Waspada,2026-04-30 04:46:30
3.81,82.01,43.79,Waspada,2026-04-30 05:46:30
3.75,83.63,41.71,Waspada,2026-04-30 06:46:30
3.93,86.37,45.35,Waspada,2026-04-30 07:46:30
3.79,82.65,44.96,Waspada,2026-04-30 08:46:30
3.83,84.53,44.84,Waspada,2026-04-30 09:46:30
3.87,86.91,45.84,Waspada,2026-04-30 10:46:30
3.96,87.20,47.60,Waspada,2026-04-30 11:46:30
3.80,82.55,43.03,Waspada,2026-04-30 12:46:30
4.03,90.26,52.21,Siaga,2026-04-30 13:46:30
3.81,81.65,45.36,Waspada,2026-04-30 14:46:30
5.48,118.50,63.23,Awas,2026-04-30 15:46:30
5.52,120.54,68.63,Awas,2026-04-30 16:46:30
5.04,109.66,63.79,Awas,2026-04-30 17:46:30
4.43,98.81,49.31,Siaga,2026-04-30 18:46:30
4.87,108.49,61.88,Siaga,2026-04-30 19:46:30
4.62,101.20,55.13,Siaga,2026-04-30 20:46:30
4.18,90.81,48.16,Siaga,2026-04-30 21:46:30
3.80,82.77,44.85,Waspada,2026-04-30 22:46:30
4.00,86.98,47.84,Waspada,2026-04-30 23:46:30
3.76,83.27,43.62,Waspada,2026-05-01 00:46:30
3.58,77.53,46.39,Waspada,2026-05-01 01:46:30
3.45,75.02,38.09,Waspada,2026-05-01 02:46:30
3.38,76.52,40.50,Waspada,2026-05-01 03:46:30
4.06,90.07,48.60,Siaga,2026-05-01 04:46:30
3.82,83.49,48.68,Waspada,2026-05-01 05:46:30
3.81,85.83,47.65,Waspada,2026-05-01 06:46:30
4.64,102.84,55.39,Siaga,2026-05-01 07:46:30
4.36,94.63,52.54,Siaga,2026-05-01 08:46:30
3.47,76.04,43.06,Waspada,2026-05-01 09:46:30
4.28,93.78,52.12,Siaga,2026-05-01 10:46:30
3.88,86.72,45.41,Waspada,2026-05-01 11:46:30
3.90,84.55,49.41,Waspada,2026-05-01 12:46:30
4.11,91.13,45.79,Siaga,2026-05-01 13:46:30
3.58,80.21,39.46,Waspada,2026-05-01 14:46:30
3.79,84.06,45.19,Waspada,2026-05-01 15:46:30
3.79,81.15,44.19,Waspada,2026-05-01 16:46:30
3.62,80.07,44.35,Waspada,2026-05-01 17:46:30
4.35,96.45,54.90,Siaga,2026-05-01 18:46:30
3.84,82.99,48.36,Waspada,2026-05-01 19:46:30
3.96,89.27,49.83,Waspada,2026-05-01 20:46:30
3.93,87.13,45.77,Waspada,2026-05-01 21:46:30
3.97,85.60,44.61,Waspada,2026-05-01 22:46:30
3.98,87.40,47.30,Waspada,2026-05-01 23:46:30
3.96,89.07,43.55,Waspada,2026-05-02 00:46:30
4.08,87.46,52.84,Siaga,2026-05-02 01:46:30
3.57,76.34,44.16,Waspada,2026-05-02 02:46:30
3.45,75.15,44.96,Waspada,2026-05-02 03:46:30
3.70,82.91,45.09,Waspada,2026-05-02 04:46:30
3.94,89.04,49.49,Waspada,2026-05-02 05:46:30
4.15,89.50,47.59,Siaga,2026-05-02 06:46:30
3.92,86.88,46.40,Waspada,2026-05-02 07:46:30
4.81,107.85,54.35,Siaga,2026-05-02 08:46:30
4.01,90.54,47.70,Siaga,2026-05-02 09:46:30
3.45,78.02,41.79,Waspada,2026-05-02 10:46:30
3.35,71.99,36.32,Waspada,2026-05-02 11:46:30
3.35,73.69,41.94,Waspada,2026-05-02 12:46:30
3.57,78.17,44.70,Waspada,2026-05-02 13:46:30
3.54,78.45,38.64,Waspada,2026-05-02 14:46:30
3.37,74.03,40.02,Waspada,2026-05-02 15:46:30
5.11,114.67,59.76,Awas,2026-05-02 16:46:30
4.56,100.85,55.27,Siaga,2026-05-02 17:46:30
4.17,93.74,52.93,Siaga,2026-05-02 18:46:30
3.75,81.35,48.13,Waspada,2026-05-02 19:46:30
3.75,81.14,44.48,Waspada,2026-05-02 20:46:30
3.99,89.01,45.00,Waspada,2026-05-02 21:46:30
3.79,81.27,41.85,Waspada,2026-05-02 22:46:30
4.52,97.40,53.10,Siaga,2026-05-02 23:46:30
3.89,85.87,48.99,Waspada,2026-05-03 00:46:30
4.00,87.53,48.61,Waspada,2026-05-03 01:46:30
3.87,86.33,43.45,Waspada,2026-05-03 02:46:30
3.67,83.15,41.71,Waspada,2026-05-03 03:46:30
3.50,77.31,41.30,Waspada,2026-05-03 04:46:30
3.28,71.12,38.41,Waspada,2026-05-03 05:46:30
3.09,66.53,38.01,Waspada,2026-05-03 06:46:30
3.18,70.84,41.15,Waspada,2026-05-03 07:46:30
4.21,91.09,50.44,Siaga,2026-05-03 08:46:30
3.59,77.03,42.46,Waspada,2026-05-03 09:46:30
3.52,76.43,38.90,Waspada,2026-05-03 10:46:30
3.46,74.30,37.83,Waspada,2026-05-03 11:46:30
3.50,77.96,42.54,Waspada,2026-05-03 12:46:30
3.65,80.27,46.60,Waspada,2026-05-03 13:46:30
4.18,93.00,46.87,Siaga,2026-05-03 14:46:30
3.42,73.11,38.80,Waspada,2026-05-03 15:46:30
3.28,71.35,35.51,Waspada,2026-05-03 16:46:30
3.28,71.33,35.40,Waspada,2026-05-03 17:46:30
3.51,75.71,39.97,Waspada,2026-05-03 18:46:30
3.50,75.56,44.30,Waspada,2026-05-03 19:46:30
3.45,73.94,41.28,Waspada,2026-05-03 20:46:30
3.26,70.43,37.75,Waspada,2026-05-03 21:46:30
3.13,68.77,34.70,Waspada,2026-05-03 22:46:30
3.01,64.14,36.37,Waspada,2026-05-03 23:46:30
3.15,70.63,34.42,Waspada,2026-05-04 00:46:30
3.34,71.00,39.25,Waspada,2026-05-04 01:46:30
3.46,78.01,40.47,Waspada,2026-05-04 02:46:30
3.57,79.07,39.15,Waspada,2026-05-04 03:46:30
3.45,78.21,43.65,Waspada,2026-05-04 04:46:30
3.61,78.39,44.49,Waspada,2026-05-04 05:46:30
3.49,76.71,39.36,Waspada,2026-05-04 06:46:30
3.46,74.51,37.56,Waspada,2026-05-04 07:46:30
3.25,73.03,41.45,Waspada,2026-05-04 08:46:30
3.12,68.93,40.08,Waspada,2026-05-04 09:46:30
3.15,69.61,35.08,Waspada,2026-05-04 10:46:30
2.99,63.20,34.03,Aman,2026-05-04 11:46:30
2.86,63.07,33.63,Aman,2026-05-04 12:46:30
2.82,61.38,31.98,Aman,2026-05-04 13:46:30
2.76,61.76,34.16,Aman,2026-05-04 14:46:30
2.74,62.18,35.20,Aman,2026-05-04 15:46:30
2.70,61.09,35.20,Aman,2026-05-04 16:46:30
2.47,53.69,30.32,Aman,2026-05-04 17:46:30
2.28,49.89,26.98,Aman,2026-05-04 18:46:30
2.03,46.37,27.69,Aman,2026-05-04 19:46:30
2.07,46.83,21.60,Aman,2026-05-04 20:46:30
3.87,84.50,42.96,Waspada,2026-05-04 21:46:30
5.49,120.58,62.00,Awas,2026-05-04 22:46:30
5.15,111.45,61.13,Awas,2026-05-04 23:46:30
4.65,104.26,58.42,Siaga,2026-05-05 00:46:30
5.13,112.21,58.15,Awas,2026-05-05 01:46:30
4.51,97.29,57.64,Siaga,2026-05-05 02:46:30
4.68,100.71,56.11,Siaga,2026-05-05 03:46:30
4.09,92.33,46.80,Siaga,2026-05-05 04:46:30
3.21,72.02,35.69,Waspada,2026-05-05 05:46:30
3.24,70.92,41.68,Waspada,2026-05-05 06:46:30
3.21,72.25,40.34,Waspada,2026-05-05 07:46:30
3.31,72.20,41.15,Waspada,2026-05-05 08:46:30
3.44,75.08,39.66,Waspada,2026-05-05 09:46:30
3.54,78.43,43.09,Waspada,2026-05-05 10:46:30
3.75,81.87,41.11,Waspada,2026-05-05 11:46:30
3.84,84.03,46.30,Waspada,2026-05-05 12:46:30
3.70,81.21,45.79,Waspada,2026-05-05 13:46:30
3.85,86.34,43.59,Waspada,2026-05-05 14:46:30
3.93,86.08,47.03,Waspada,2026-05-05 15:46:30
4.00,90.01,45.48,Waspada,2026-05-05 16:46:30
4.11,88.64,51.93,Siaga,2026-05-05 17:46:30
3.89,83.30,50.15,Waspada,2026-05-05 18:46:30
3.83,85.15,44.36,Waspada,2026-05-05 19:46:30
5.05,110.12,60.84,Awas,2026-05-05 20:46:30
4.41,95.60,48.91,Siaga,2026-05-05 21:46:30
3.56,80.55,42.95,Waspada,2026-05-05 22:46:30
3.48,75.98,40.19,Waspada,2026-05-05 23:46:30
3.41,76.86,38.73,Waspada,2026-05-06 00:46:30
3.66,80.30,45.21,Waspada,2026-05-06 01:46:30
3.54,76.60,38.67,Waspada,2026-05-06 02:46:30
3.57,77.84,42.56,Waspada,2026-05-06 03:46:30
3.72,84.22,44.56,Waspada,2026-05-06 04:46:30
3.78,81.99,47.95,Waspada,2026-05-06 05:46:30
3.90,83.99,49.60,Waspada,2026-05-06 06:46:30
3.96,87.69,48.27,Waspada,2026-05-06 07:46:30
3.89,83.45,43.41,Waspada,2026-05-06 08:46:30
3.76,81.57,42.47,Waspada,2026-05-06 09:46:30
3.66,79.32,43.48,Waspada,2026-05-06 10:46:30
3.66,80.52,41.97,Waspada,2026-05-06 11:46:30
3.50,79.54,43.27,Waspada,2026-05-06 12:46:30
3.52,78.31,43.29,Waspada,2026-05-06 13:46:30
3.41,75.79,44.41,Waspada,2026-05-06 14:46:30
3.46,75.02,41.42,Waspada,2026-05-06 15:46:30
3.64,82.19,40.91,Waspada,2026-05-06 16:46:30
3.68,79.07,43.66,Waspada,2026-05-06 17:46:30
3.85,82.79,47.23,Waspada,2026-05-06 18:46:30
3.99,85.34,45.79,Waspada,2026-05-06 19:46:30
4.04,86.59,50.75,Siaga,2026-05-06 20:46:30
3.11,68.94,36.29,Waspada,2026-05-06 21:46:30
3.14,68.51,40.75,Waspada,2026-05-06 22:46:30
3.13,71.26,36.54,Waspada,2026-05-06 23:46:30
3.22,73.17,36.00,Waspada,2026-05-07 00:46:30
3.16,71.30,35.93,Waspada,2026-05-07 01:46:30
3.07,65.81,36.60,Waspada,2026-05-07 02:46:30
2.93,62.75,35.01,Aman,2026-05-07 03:46:30
3.05,68.42,37.73,Waspada,2026-05-07 04:46:30
2.81,60.18,34.68,Aman,2026-05-07 05:46:30
3.65,80.87,47.09,Waspada,2026-05-07 06:46:30
3.65,78.19,45.89,Waspada,2026-05-07 07:46:30
4.76,105.89,53.88,Siaga,2026-05-07 08:46:30
4.09,91.15,48.45,Siaga,2026-05-07 09:46:30
3.88,83.61,49.26,Waspada,2026-05-07 10:46:30
4.00,85.54,45.04,Waspada,2026-05-07 11:46:30
4.04,86.83,49.46,Siaga,2026-05-07 12:46:30
3.46,74.73,42.31,Waspada,2026-05-07 13:46:30
3.39,72.92,38.12,Waspada,2026-05-07 14:46:30
4.29,91.91,54.73,Siaga,2026-05-07 15:46:30
3.34,73.86,40.63,Waspada,2026-05-07 16:46:30
3.15,68.92,35.31,Waspada,2026-05-07 17:46:30
3.83,84.25,49.69,Waspada,2026-05-07 18:46:30
3.96,88.66,50.28,Waspada,2026-05-07 19:46:30
4.08,89.33,47.79,Siaga,2026-05-07 20:46:30
3.40,73.47,42.53,Waspada,2026-05-07 21:46:30
3.29,70.22,39.80,Waspada,2026-05-07 22:46:30
3.48,76.43,45.41,Waspada,2026-05-07 23:46:30
3.69,82.82,40.78,Waspada,2026-05-08 00:46:30
3.76,84.70,42.98,Waspada,2026-05-08 01:46:30
3.65,78.90,42.86,Waspada,2026-05-08 02:46:30
3.65,81.89,45.89,Waspada,2026-05-08 03:46:30
3.49,76.69,42.54,Waspada,2026-05-08 04:46:30
3.45,77.75,38.37,Waspada,2026-05-08 05:46:30
3.55,79.72,38.92,Waspada,2026-05-08 06:46:30
3.68,80.50,46.55,Waspada,2026-05-08 07:46:30
4.85,108.93,56.09,Siaga,2026-05-08 08:46:30
4.56,98.10,58.18,Siaga,2026-05-08 09:46:30
3.67,78.58,44.44,Waspada,2026-05-08 10:46:30
3.65,79.39,45.84,Waspada,2026-05-08 11:46:30
3.59,77.26,42.58,Waspada,2026-05-08 12:46:30
3.44,77.87,38.76,Waspada,2026-05-08 13:46:30
3.27,70.79,37.24,Waspada,2026-05-08 14:46:30
3.10,66.25,40.80,Waspada,2026-05-08 15:46:30
2.89,63.25,36.34,Aman,2026-05-08 16:46:30
2.85,60.41,37.64,Aman,2026-05-08 17:46:30
3.06,66.97,36.00,Waspada,2026-05-08 18:46:30
2.94,67.06,39.25,Aman,2026-05-08 19:46:30
4.47,96.37,50.62,Siaga,2026-05-08 20:46:30
4.04,90.75,50.79,Siaga,2026-05-08 21:46:30
4.04,90.41,50.54,Siaga,2026-05-08 22:46:30
3.39,76.62,38.68,Waspada,2026-05-08 23:46:30
3.46,78.54,39.70,Waspada,2026-05-09 00:46:30
3.56,76.08,44.08,Waspada,2026-05-09 01:46:30
3.49,77.40,41.96,Waspada,2026-05-09 02:46:30
3.63,81.14,41.21,Waspada,2026-05-09 03:46:30
3.50,77.82,39.29,Waspada,2026-05-09 04:46:30
3.30,73.92,39.73,Waspada,2026-05-09 05:46:30
3.31,74.68,36.51,Waspada,2026-05-09 06:46:30
3.24,70.39,35.85,Waspada,2026-05-09 07:46:30
3.19,69.52,40.78,Waspada,2026-05-09 08:46:30
3.09,67.60,40.52,Waspada,2026-05-09 09:46:30
3.04,68.02,35.87,Waspada,2026-05-09 10:46:30
3.10,65.82,33.54,Waspada,2026-05-09 11:46:30
3.21,70.81,36.50,Waspada,2026-05-09 12:46:30
3.38,72.50,39.72,Waspada,2026-05-09 13:46:30
3.58,79.54,44.13,Waspada,2026-05-09 14:46:30
3.35,72.11,42.56,Waspada,2026-05-09 15:46:30
3.47,75.10,42.58,Waspada,2026-05-09 16:46:30
3.30,71.72,36.97,Waspada,2026-05-09 17:46:30
3.31,71.95,36.91,Waspada,2026-05-09 18:46:30
3.56,76.71,40.90,Waspada,2026-05-09 19:46:30
3.52,79.33,41.26,Waspada,2026-05-09 20:46:30
3.70,80.28,47.54,Waspada,2026-05-09 21:46:30
3.79,84.00,43.28,Waspada,2026-05-09 22:46:30
4.35,94.71,55.67,Siaga,2026-05-09 23:46:30
4.06,90.79,48.68,Siaga,2026-05-10 00:46:30
3.90,86.58,46.51,Waspada,2026-05-10 01:46:30
4.05,87.48,49.89,Siaga,2026-05-10 02:46:30
4.58,99.38,54.77,Siaga,2026-05-10 03:46:30
4.37,95.74,53.59,Siaga,2026-05-10 04:46:30
4.22,94.63,48.82,Siaga,2026-05-10 05:46:30
4.80,103.59,58.14,Siaga,2026-05-10 06:46:30
4.30,96.59,54.92,Siaga,2026-05-10 07:46:30
4.71,104.21,59.51,Siaga,2026-05-10 08:46:30
4.27,95.34,51.17,Siaga,2026-05-10 09:46:30
3.50,79.48,42.79,Waspada,2026-05-10 10:46:30
3.64,78.19,41.26,Waspada,2026-05-10 11:46:30
3.53,76.00,38.39,Waspada,2026-05-10 12:46:30
3.53,78.50,39.05,Waspada,2026-05-10 13:46:30
3.70,81.15,47.46,Waspada,2026-05-10 14:46:30
3.61,80.92,39.37,Waspada,2026-05-10 15:46:30
3.41,76.25,39.63,Waspada,2026-05-10 16:46:30
3.22,71.43,37.67,Waspada,2026-05-10 17:46:30
3.31,71.99,41.12,Waspada,2026-05-10 18:46:30
3.29,73.69,36.57,Waspada,2026-05-10 19:46:30
3.44,73.96,45.07,Waspada,2026-05-10 20:46:30
3.48,74.66,42.05,Waspada,2026-05-10 21:46:30
3.60,80.88,43.36,Waspada,2026-05-10 22:46:30
3.38,73.80,37.75,Waspada,2026-05-10 23:46:30
4.16,89.25,50.36,Siaga,2026-05-11 00:46:30
3.36,74.68,41.76,Waspada,2026-05-11 01:46:30
3.57,78.34,43.16,Waspada,2026-05-11 02:46:30
3.67,78.71,44.39,Waspada,2026-05-11 03:46:30
4.02,88.90,49.97,Siaga,2026-05-11 04:46:30
3.62,78.50,43.58,Waspada,2026-05-11 05:46:30
4.41,96.10,52.15,Siaga,2026-05-11 06:46:30
3.85,84.59,44.36,Waspada,2026-05-11 07:46:30
3.94,85.92,46.32,Waspada,2026-05-11 08:46:30
4.72,101.48,57.23,Siaga,2026-05-11 09:46:30
4.24,91.46,51.65,Siaga,2026-05-11 10:46:30
3.76,82.03,46.26,Waspada,2026-05-11 11:46:30
3.53,76.62,44.60,Waspada,2026-05-11 12:46:30
3.69,80.29,45.15,Waspada,2026-05-11 13:46:30
3.82,83.49,44.89,Waspada,2026-05-11 14:46:30
3.83,84.56,45.51,Waspada,2026-05-11 15:46:30
3.70,81.50,44.53,Waspada,2026-05-11 16:46:30
3.67,81.15,47.47,Waspada,2026-05-11 17:46:30
3.47,76.90,41.44,Waspada,2026-05-11 18:46:30
3.23,69.48,37.34,Waspada,2026-05-11 19:46:30
3.32,71.87,38.66,Waspada,2026-05-11 20:46:30
3.07,67.52,33.12,Waspada,2026-05-11 21:46:30
2.95,64.76,31.98,Aman,2026-05-11 22:46:30
2.89,62.22,38.44,Aman,2026-05-11 23:46:30
3.13,69.13,39.38,Waspada,2026-05-12 00:46:30
2.91,63.69,37.08,Aman,2026-05-12 01:46:30
3.10,67.92,33.88,Waspada,2026-05-12 02:46:30
3.26,70.82,38.96,Waspada,2026-05-12 03:46:30
3.09,70.10,38.19,Waspada,2026-05-12 04:46:30
3.19,69.09,41.82,Waspada,2026-05-12 05:46:30
2.98,64.41,38.01,Aman,2026-05-12 06:46:30
2.82,63.23,33.42,Aman,2026-05-12 07:46:30
3.77,84.85,46.28,Waspada,2026-05-12 08:46:30
3.63,78.10,43.18,Waspada,2026-05-12 09:46:30
4.46,99.91,55.32,Siaga,2026-05-12 10:46:30
3.59,78.05,39.14,Waspada,2026-05-12 11:46:30
3.82,81.74,47.08,Waspada,2026-05-12 12:46:30
3.61,79.28,39.70,Waspada,2026-05-12 13:46:30
4.28,96.17,49.78,Siaga,2026-05-12 14:46:30
4.07,89.61,46.33,Siaga,2026-05-12 15:46:30
5.10,112.83,65.01,Awas,2026-05-12 16:46:30
4.77,105.35,59.16,Siaga,2026-05-12 17:46:30
5.14,112.17,62.70,Awas,2026-05-12 18:46:30
4.66,102.71,56.20,Siaga,2026-05-12 19:46:30
4.21,90.56,52.83,Siaga,2026-05-12 20:46:30
3.93,85.52,46.92,Waspada,2026-05-12 21:46:30
4.07,88.28,45.28,Siaga,2026-05-12 22:46:30
3.73,84.13,42.40,Waspada,2026-05-12 23:46:30
3.89,83.55,46.95,Waspada,2026-05-13 00:46:30
3.66,78.82,41.21,Waspada,2026-05-13 01:46:30
3.88,84.73,46.79,Waspada,2026-05-13 02:46:30
4.44,97.38,54.61,Siaga,2026-05-13 03:46:30
3.96,89.25,46.02,Waspada,2026-05-13 04:46:30
4.09,88.02,48.82,Siaga,2026-05-13 05:46:30
3.81,81.98,46.88,Waspada,2026-05-13 06:46:30
3.67,78.89,45.56,Waspada,2026-05-13 07:46:30
3.90,85.77,47.19,Waspada,2026-05-13 08:46:30
3.76,84.02,45.88,Waspada,2026-05-13 09:46:30
3.65,80.04,40.99,Waspada,2026-05-13 10:46:30
3.51,75.90,43.98,Waspada,2026-05-13 11:46:30
3.66,80.51,43.72,Waspada,2026-05-13 12:46:30
3.66,79.34,43.49,Waspada,2026-05-13 13:46:30
3.49,77.06,39.47,Waspada,2026-05-13 14:46:30
3.44,75.85,38.69,Waspada,2026-05-13 15:46:30
3.57,76.78,42.77,Waspada,2026-05-13 16:46:30
4.58,100.40,53.93,Siaga,2026-05-13 17:46:30
4.04,87.41,48.40,Siaga,2026-05-13 18:46:30
3.04,67.14,35.38,Waspada,2026-05-13 19:46:30
3.00,65.29,38.91,Aman,2026-05-13 20:46:30
2.93,63.16,33.48,Aman,2026-05-13 21:46:30
3.45,74.89,39.10,Waspada,2026-05-13 22:46:30
3.34,72.66,37.25,Waspada,2026-05-13 23:46:30
3.23,72.22,39.80,Waspada,2026-05-14 00:46:30
3.02,66.15,37.63,Waspada,2026-05-14 01:46:30
2.84,64.58,35.10,Aman,2026-05-14 02:46:30
2.71,60.42,29.66,Aman,2026-05-14 03:46:30
3.46,75.11,44.64,Waspada,2026-05-14 04:46:30
3.29,70.31,37.32,Waspada,2026-05-14 05:46:30
3.15,67.63,38.65,Waspada,2026-05-14 06:46:30
3.39,72.17,38.61,Waspada,2026-05-14 07:46:30
4.04,90.34,48.54,Siaga,2026-05-14 08:46:30
3.07,66.15,33.44,Waspada,2026-05-14 09:46:30
3.26,71.10,36.33,Waspada,2026-05-14 10:46:30
3.31,71.17,43.65,Waspada,2026-05-14 11:46:30
3.33,74.48,36.30,Waspada,2026-05-14 12:46:30
3.21,68.89,40.51,Waspada,2026-05-14 13:46:30
2.99,64.41,38.23,Aman,2026-05-14 14:46:30
3.07,69.35,32.96,Waspada,2026-05-14 15:46:30
2.86,60.46,30.41,Aman,2026-05-14 16:46:30
3.05,68.40,34.03,Waspada,2026-05-14 17:46:30
4.01,88.34,48.45,Siaga,2026-05-14 18:46:30
3.17,68.88,35.30,Waspada,2026-05-14 19:46:30
3.22,69.45,41.29,Waspada,2026-05-14 20:46:30
3.22,72.22,39.64,Waspada,2026-05-14 21:46:30
3.29,70.90,39.76,Waspada,2026-05-14 22:46:30
3.14,69.99,34.62,Waspada,2026-05-14 23:46:30
2.98,65.13,37.79,Aman,2026-05-15 00:46:30
2.85,61.02,33.88,Aman,2026-05-15 01:46:30
2.79,59.98,34.59,Aman,2026-05-15 02:46:30
2.99,66.97,32.24,Aman,2026-05-15 03:46:30
3.19,68.92,41.25,Waspada,2026-05-15 04:46:30
3.38,74.34,41.89,Waspada,2026-05-15 05:46:30
3.21,69.85,42.42,Waspada,2026-05-15 06:46:30
3.15,70.39,39.70,Waspada,2026-05-15 07:46:30
3.17,68.46,34.52,Waspada,2026-05-15 08:46:30
3.05,69.37,35.57,Waspada,2026-05-15 09:46:30
4.32,93.15,48.27,Siaga,2026-05-15 10:46:30
3.52,74.91,38.90,Waspada,2026-05-15 11:46:30
3.58,79.73,41.86,Waspada,2026-05-15 12:46:30
3.60,78.71,39.81,Waspada,2026-05-15 13:46:30
3.48,75.19,39.66,Waspada,2026-05-15 14:46:30
3.51,75.11,39.61,Waspada,2026-05-15 15:46:30
3.69,79.10,44.64,Waspada,2026-05-15 16:46:30
3.48,78.00,41.07,Waspada,2026-05-15 17:46:30
3.55,78.86,39.30,Waspada,2026-05-15 18:46:30
3.61,77.41,44.11,Waspada,2026-05-15 19:46:30
4.82,103.99,59.30,Siaga,2026-05-15 20:46:30
4.57,99.86,57.24,Siaga,2026-05-15 21:46:30
3.68,81.71,46.86,Waspada,2026-05-15 22:46:30
4.96,108.72,62.82,Siaga,2026-05-15 23:46:30
4.18,89.80,47.90,Siaga,2026-05-16 00:46:30
3.58,78.99,44.89,Waspada,2026-05-16 01:46:30
3.35,75.93,39.07,Waspada,2026-05-16 02:46:30
3.35,74.95,42.87,Waspada,2026-05-16 03:46:30
3.16,67.20,33.95,Waspada,2026-05-16 04:46:30
3.04,66.48,39.49,Waspada,2026-05-16 05:46:30
3.26,71.65,40.23,Waspada,2026-05-16 06:46:30
3.17,68.26,39.32,Waspada,2026-05-16 07:46:30
3.03,65.70,38.03,Waspada,2026-05-16 08:46:30
2.94,64.60,35.43,Aman,2026-05-16 09:46:30
3.12,70.75,38.26,Waspada,2026-05-16 10:46:30
3.01,68.12,33.27,Waspada,2026-05-16 11:46:30
3.13,68.23,40.79,Waspada,2026-05-16 12:46:30
2.90,64.68,32.56,Aman,2026-05-16 13:46:30
2.91,65.00,32.45,Aman,2026-05-16 14:46:30
2.84,60.91,31.91,Aman,2026-05-16 15:46:30
2.85,62.43,35.46,Aman,2026-05-16 16:46:30
2.97,62.82,34.76,Aman,2026-05-16 17:46:30
3.09,66.85,37.40,Waspada,2026-05-16 18:46:30
2.98,65.81,35.48,Aman,2026-05-16 19:46:30
2.80,62.08,29.68,Aman,2026-05-16 20:46:30
2.66,59.08,32.61,Aman,2026-05-16 21:46:30
2.72,59.35,29.89,Aman,2026-05-16 22:46:30
4.80,105.83,60.50,Siaga,2026-05-16 23:46:30
4.49,97.13,53.26,Siaga,2026-05-17 00:46:30
4.36,94.97,55.66,Siaga,2026-05-17 01:46:30
3.43,73.26,41.67,Waspada,2026-05-17 02:46:30
3.31,72.69,41.11,Waspada,2026-05-17 03:46:30
3.15,67.92,40.06,Waspada,2026-05-17 04:46:30
3.03,65.49,37.85,Waspada,2026-05-17 05:46:30
3.09,68.27,34.13,Waspada,2026-05-17 06:46:30
3.23,72.78,38.09,Waspada,2026-05-17 07:46:30
3.42,74.56,44.91,Waspada,2026-05-17 08:46:30
3.46,77.64,45.44,Waspada,2026-05-17 09:46:30
3.53,77.28,44.89,Waspada,2026-05-17 10:46:30
3.49,77.96,38.46,Waspada,2026-05-17 11:46:30
3.58,78.54,41.48,Waspada,2026-05-17 12:46:30
4.64,101.95,59.65,Siaga,2026-05-17 13:46:30
4.49,100.00,56.42,Siaga,2026-05-17 14:46:30
3.80,84.00,44.70,Waspada,2026-05-17 15:46:30
3.96,85.57,47.81,Waspada,2026-05-17 16:46:30
3.80,81.95,48.01,Waspada,2026-05-17 17:46:30
3.55,76.48,42.70,Waspada,2026-05-17 18:46:30
3.43,76.02,40.42,Waspada,2026-05-17 19:46:30
3.53,75.42,44.63,Waspada,2026-05-17 20:46:30
3.40,73.84,38.56,Waspada,2026-05-17 21:46:30
3.44,75.10,41.17,Waspada,2026-05-17 22:46:30
3.22,72.34,34.78,Waspada,2026-05-17 23:46:30
3.27,72.15,40.38,Waspada,2026-05-18 00:46:30
3.72,81.94,45.14,Waspada,2026-05-18 01:46:30
4.55,101.54,58.01,Siaga,2026-05-18 02:46:30
3.79,82.16,43.53,Waspada,2026-05-18 03:46:30
3.85,87.00,45.34,Waspada,2026-05-18 04:46:30
4.05,89.32,47.47,Siaga,2026-05-18 05:46:30
3.80,86.00,47.99,Waspada,2026-05-18 06:46:30
4.04,86.65,47.58,Siaga,2026-05-18 07:46:30
3.17,71.37,41.09,Waspada,2026-05-18 08:46:30
3.11,69.30,40.60,Waspada,2026-05-18 09:46:30
3.28,69.58,39.73,Waspada,2026-05-18 10:46:30
4.33,94.97,53.53,Siaga,2026-05-18 11:46:30
3.43,76.62,40.50,Waspada,2026-05-18 12:46:30
3.19,68.12,39.41,Waspada,2026-05-18 13:46:30
3.06,68.20,33.06,Waspada,2026-05-18 14:46:30
3.60,78.74,39.19,Waspada,2026-05-18 15:46:30
3.53,75.78,38.84,Waspada,2026-05-18 16:46:30
3.37,74.17,41.35,Waspada,2026-05-18 17:46:30
3.58,81.26,45.95,Waspada,2026-05-18 18:46:30
3.61,80.48,44.08,Waspada,2026-05-18 19:46:30
4.41,98.34,52.70,Siaga,2026-05-18 20:46:30
4.20,94.78,53.86,Siaga,2026-05-18 21:46:30
3.88,83.67,49.60,Waspada,2026-05-18 22:46:30
3.68,78.78,46.78,Waspada,2026-05-18 23:46:30
3.80,81.22,47.37,Waspada,2026-05-19 00:46:30
4.02,87.69,44.68,Siaga,2026-05-19 01:46:30
3.66,78.42,42.54,Waspada,2026-05-19 02:46:30
3.72,83.35,40.96,Waspada,2026-05-19 03:46:30
3.90,87.91,44.72,Waspada,2026-05-19 04:46:30
3.91,86.98,42.96,Waspada,2026-05-19 05:46:30
3.71,83.46,44.78,Waspada,2026-05-19 06:46:30
3.68,79.33,42.39,Waspada,2026-05-19 07:46:30
3.53,76.62,45.22,Waspada,2026-05-19 08:46:30
3.34,75.99,41.09,Waspada,2026-05-19 09:46:30
3.45,76.83,40.23,Waspada,2026-05-19 10:46:30
5.07,109.82,60.52,Awas,2026-05-19 11:46:30
4.54,101.38,53.28,Siaga,2026-05-19 12:46:30
4.31,95.85,54.85,Siaga,2026-05-19 13:46:30
3.83,86.42,49.31,Waspada,2026-05-19 14:46:30
4.76,104.37,53.13,Siaga,2026-05-19 15:46:30
4.46,96.88,49.65,Siaga,2026-05-19 16:46:30
3.71,79.46,45.40,Waspada,2026-05-19 17:46:30
3.58,76.82,44.71,Waspada,2026-05-19 18:46:30
3.55,79.94,44.09,Waspada,2026-05-19 19:46:30
3.57,79.66,43.65,Waspada,2026-05-19 20:46:30
4.90,107.68,57.60,Siaga,2026-05-19 21:46:30
4.69,101.81,55.53,Siaga,2026-05-19 22:46:30
4.17,92.79,52.00,Siaga,2026-05-19 23:46:30
3.85,85.45,43.09,Waspada,2026-05-20 00:46:30
3.61,80.30,43.81,Waspada,2026-05-20 01:46:30
3.72,82.99,43.53,Waspada,2026-05-20 02:46:30
3.89,85.52,50.64,Waspada,2026-05-20 03:46:30
3.65,79.17,45.56,Waspada,2026-05-20 04:46:30
3.68,81.38,43.58,Waspada,2026-05-20 05:46:30
3.43,73.06,43.49,Waspada,2026-05-20 06:46:30
3.61,81.17,43.05,Waspada,2026-05-20 07:46:30
3.50,75.12,43.99,Waspada,2026-05-20 08:46:30
3.51,79.16,39.80,Waspada,2026-05-20 09:46:30
3.92,85.54,43.11,Waspada,2026-05-20 10:46:30
4.14,91.31,52.52,Siaga,2026-05-20 11:46:30
3.25,73.37,42.31,Waspada,2026-05-20 12:46:30
3.37,74.85,43.69,Waspada,2026-05-20 13:46:30
3.42,74.84,43.88,Waspada,2026-05-20 14:46:30
3.28,71.39,38.65,Waspada,2026-05-20 15:46:30
3.49,77.32,39.25,Waspada,2026-05-20 16:46:30
3.34,75.30,41.85,Waspada,2026-05-20 17:46:30
3.27,73.30,41.11,Waspada,2026-05-20 18:46:30
3.18,72.29,36.30,Waspada,2026-05-20 19:46:30
3.57,77.91,39.82,Waspada,2026-05-20 20:46:30
3.36,76.36,44.28,Waspada,2026-05-20 21:46:30
3.16,68.14,39.27,Waspada,2026-05-20 22:46:30
3.36,73.99,40.84,Waspada,2026-05-20 23:46:30
3.55,76.38,46.10,Waspada,2026-05-21 00:46:30
3.54,80.06,44.66,Waspada,2026-05-21 01:46:30
3.32,74.24,37.15,Waspada,2026-05-21 02:46:30
3.57,78.26,42.14,Waspada,2026-05-21 03:46:30
4.04,86.69,52.12,Siaga,2026-05-21 04:46:30
3.26,72.10,38.34,Waspada,2026-05-21 05:46:30
3.46,78.46,43.58,Waspada,2026-05-21 06:46:30
3.27,71.36,38.05,Waspada,2026-05-21 07:46:30
3.34,72.10,41.19,Waspada,2026-05-21 08:46:30
3.38,75.57,44.16,Waspada,2026-05-21 09:46:30
3.55,77.73,43.50,Waspada,2026-05-21 10:46:30
3.71,80.34,44.31,Waspada,2026-05-21 11:46:30
3.47,74.39,40.71,Waspada,2026-05-21 12:46:30
3.69,81.65,41.14,Waspada,2026-05-21 13:46:30
3.46,78.16,42.17,Waspada,2026-05-21 14:46:30
3.52,78.99,42.40,Waspada,2026-05-21 15:46:30
3.30,71.61,39.90,Waspada,2026-05-21 16:46:30
3.41,75.38,38.58,Waspada,2026-05-21 17:46:30
3.63,79.81,41.24,Waspada,2026-05-21 18:46:30
3.68,80.15,43.86,Waspada,2026-05-21 19:46:30
3.70,80.03,44.28,Waspada,2026-05-21 20:46:30
3.95,85.65,47.04,Waspada,2026-05-21 21:46:30
5.22,115.74,63.18,Awas,2026-05-21 22:46:30
4.62,100.64,53.02,Siaga,2026-05-21 23:46:30
4.67,101.46,56.44,Siaga,2026-05-22 00:46:30
4.36,94.05,51.30,Siaga,2026-05-22 01:46:30
3.61,78.20,41.41,Waspada,2026-05-22 02:46:30
3.73,82.64,42.86,Waspada,2026-05-22 03:46:30
3.60,79.44,41.47,Waspada,2026-05-22 04:46:30
3.63,79.49,43.16,Waspada,2026-05-22 05:46:30
3.76,82.11,41.76,Waspada,2026-05-22 06:46:30
4.01,87.78,46.17,Siaga,2026-05-22 07:46:30
3.11,68.02,38.89,Waspada,2026-05-22 08:46:30
2.97,67.77,32.00,Aman,2026-05-22 09:46:30
3.00,67.05,32.93,Waspada,2026-05-22 10:46:30
2.94,65.81,37.99,Aman,2026-05-22 11:46:30
2.95,65.20,38.51,Aman,2026-05-22 12:46:30
3.08,65.46,37.05,Waspada,2026-05-22 13:46:30
3.59,81.16,39.92,Waspada,2026-05-22 14:46:30
3.79,84.35,42.94,Waspada,2026-05-22 15:46:30
3.61,77.13,43.54,Waspada,2026-05-22 16:46:30
3.63,79.80,44.02,Waspada,2026-05-22 17:46:30
3.54,80.21,41.74,Waspada,2026-05-22 18:46:30
3.33,73.60,43.98,Waspada,2026-05-22 19:46:30
3.34,71.31,43.73,Waspada,2026-05-22 20:46:30
4.65,102.60,57.53,Siaga,2026-05-22 21:46:30
4.26,95.99,52.95,Siaga,2026-05-22 22:46:30
3.85,84.39,50.14,Waspada,2026-05-22 23:46:30
3.69,82.93,41.33,Waspada,2026-05-23 00:46:30
4.09,91.00,47.43,Siaga,2026-05-23 01:46:30
3.16,70.01,35.57,Waspada,2026-05-23 02:46:30
2.97,66.40,38.66,Aman,2026-05-23 03:46:30
3.12,67.90,40.43,Waspada,2026-05-23 04:46:30
3.03,67.91,36.72,Waspada,2026-05-23 05:46:30
3.23,71.94,41.20,Waspada,2026-05-23 06:46:30
3.26,69.80,42.90,Waspada,2026-05-23 07:46:30
3.06,69.67,33.59,Waspada,2026-05-23 08:46:30
2.99,64.27,33.89,Aman,2026-05-23 09:46:30
3.36,74.54,36.71,Waspada,2026-05-23 10:46:30
3.52,78.05,44.84,Waspada,2026-05-23 11:46:30
3.79,81.83,48.74,Waspada,2026-05-23 12:46:30
3.75,81.68,41.88,Waspada,2026-05-23 13:46:30
3.70,81.31,46.25,Waspada,2026-05-23 14:46:30
3.91,84.99,48.79,Waspada,2026-05-23 15:46:30
3.83,83.09,47.79,Waspada,2026-05-23 16:46:30
3.64,82.03,42.18,Waspada,2026-05-23 17:46:30
3.68,81.81,43.42,Waspada,2026-05-23 18:46:30
4.55,98.43,52.23,Siaga,2026-05-23 19:46:30
4.68,104.70,53.36,Siaga,2026-05-23 20:46:30
4.04,88.42,47.07,Siaga,2026-05-23 21:46:30
3.43,75.59,40.83,Waspada,2026-05-23 22:46:30
4.80,105.83,59.23,Siaga,2026-05-23 23:46:30
4.22,94.76,52.06,Siaga,2026-05-24 00:46:30
3.69,83.67,42.63,Waspada,2026-05-24 01:46:30
3.70,82.22,46.49,Waspada,2026-05-24 02:46:30
3.87,85.53,43.98,Waspada,2026-05-24 03:46:30
3.88,83.24,49.83,Waspada,2026-05-24 04:46:30
4.05,88.34,48.81,Siaga,2026-05-24 05:46:30
3.46,76.26,42.03,Waspada,2026-05-24 06:46:30
3.63,81.26,42.99,Waspada,2026-05-24 07:46:30
3.85,85.51,44.14,Waspada,2026-05-24 08:46:30
3.92,86.07,48.81,Waspada,2026-05-24 09:46:30
3.75,82.98,42.42,Waspada,2026-05-24 10:46:30
3.83,84.52,49.88,Waspada,2026-05-24 11:46:30
3.73,84.23,47.03,Waspada,2026-05-24 12:46:30
3.70,80.92,40.58,Waspada,2026-05-24 13:46:30
3.83,86.71,47.10,Waspada,2026-05-24 14:46:30
3.75,81.54,45.32,Waspada,2026-05-24 15:46:30
3.83,85.91,42.58,Waspada,2026-05-24 16:46:30
3.58,76.43,41.46,Waspada,2026-05-24 17:46:30
3.83,84.61,42.23,Waspada,2026-05-24 18:46:30
3.73,83.46,45.31,Waspada,2026-05-24 19:46:30
3.52,78.28,42.83,Waspada,2026-05-24 20:46:30
3.35,71.86,39.01,Waspada,2026-05-24 21:46:30
3.18,69.11,35.49,Waspada,2026-05-24 22:46:30
3.05,67.83,33.03,Waspada,2026-05-24 23:46:30
3.13,66.34,36.53,Waspada,2026-05-25 00:46:30
3.22,68.37,41.71,Waspada,2026-05-25 01:46:30
3.24,72.60,39.71,Waspada,2026-05-25 02:46:30
3.44,74.76,42.53,Waspada,2026-05-25 03:46:30
3.38,75.99,39.85,Waspada,2026-05-25 04:46:30
3.22,69.55,34.65,Waspada,2026-05-25 05:46:30
3.32,70.57,39.60,Waspada,2026-05-25 06:46:30
3.36,74.00,40.33,Waspada,2026-05-25 07:46:30
3.35,74.27,44.15,Waspada,2026-05-25 08:46:30
4.49,96.81,57.12,Siaga,2026-05-25 09:46:30
3.55,78.03,41.74,Waspada,2026-05-25 10:46:30
3.95,86.32,46.08,Waspada,2026-05-25 11:46:30
3.74,82.21,43.58,Waspada,2026-05-25 12:46:30
3.90,88.04,43.91,Waspada,2026-05-25 13:46:30
4.05,89.56,45.94,Siaga,2026-05-25 14:46:30
6.00,130.96,68.58,Awas,2026-05-25 15:46:30
5.07,111.33,59.63,Awas,2026-05-25 16:46:30
4.85,106.65,55.70,Siaga,2026-05-25 17:46:30
4.57,100.08,51.55,Siaga,2026-05-25 18:46:30
3.88,84.04,44.54,Waspada,2026-05-25 19:46:30
3.74,83.57,46.90,Waspada,2026-05-25 20:46:30
3.95,88.30,44.96,Waspada,2026-05-25 21:46:30
4.04,87.97,50.82,Siaga,2026-05-25 18:46:30
3.38,76.14,38.49,Waspada,2026-05-25 18:46:45
3.45,74.97,38.49,Waspada,2026-05-25 18:47:00
4.36,94.31,49.45,Siaga,2026-05-25 18:47:15
3.82,82.39,46.01,Waspada,2026-05-25 18:47:30
3.96,86.05,45.26,Waspada,2026-05-25 18:47:45
3.90,85.99,49.84,Waspada,2026-05-25 18:48:00
3.80,86.01,41.96,Waspada,2026-05-25 18:48:15
3.83,83.41,43.07,Waspada,2026-05-25 18:48:30
3.80,81.10,42.91,Waspada,2026-05-25 18:48:45
3.93,86.79,46.57,Waspada,2026-05-25 18:49:00
3.81,82.78,47.95,Waspada,2026-05-25 18:49:15
3.98,88.22,47.57,Waspada,2026-05-25 18:49:30
4.20,93.41,53.98,Siaga,2026-05-25 18:49:45
3.77,83.92,45.85,Waspada,2026-05-25 18:50:00
3.63,80.02,43.60,Waspada,2026-05-25 18:50:15
3.82,81.81,44.64,Waspada,2026-05-25 18:50:30
3.76,83.10,47.47,Waspada,2026-05-25 18:50:45
3.69,80.38,41.17,Waspada,2026-05-25 18:51:00
3.75,80.54,46.39,Waspada,2026-05-25 18:51:15
3.85,86.31,42.41,Waspada,2026-05-25 18:51:30
3.68,82.22,47.76,Waspada,2026-05-25 18:51:45
3.62,79.27,45.95,Waspada,2026-05-25 18:52:00
3.68,79.97,44.38,Waspada,2026-05-25 18:52:15
3.75,81.97,42.65,Waspada,2026-05-25 18:52:30
3.58,76.25,40.72,Waspada,2026-05-25 18:52:45
3.40,73.20,42.78,Waspada,2026-05-25 18:53:00
3.30,71.15,39.22,Waspada,2026-05-25 18:53:15
3.34,74.30,43.63,Waspada,2026-05-25 18:53:30
3.97,89.34,44.97,Waspada,2026-05-25 18:53:45
3.88,87.05,46.81,Waspada,2026-05-25 18:54:00
3.69,79.61,43.64,Waspada,2026-05-25 18:54:15
3.79,85.05,46.70,Waspada,2026-05-25 18:54:30
3.77,82.80,47.88,Waspada,2026-05-25 18:54:45
3.81,86.06,45.20,Waspada,2026-05-25 18:55:00
4.18,92.47,47.20,Siaga,2026-05-25 18:55:15
3.78,83.74,45.58,Waspada,2026-05-25 18:55:30
3.73,79.90,41.46,Waspada,2026-05-25 18:55:45
3.88,85.58,43.71,Waspada,2026-05-25 18:56:00
4.91,106.27,62.65,Siaga,2026-05-25 18:56:15
4.27,91.85,52.58,Siaga,2026-05-25 18:56:30
4.00,87.28,45.86,Waspada,2026-05-25 18:56:45
5.18,111.71,64.27,Awas,2026-05-25 18:57:00
4.64,101.77,54.82,Siaga,2026-05-25 18:57:15
3.64,82.38,40.51,Waspada,2026-05-25 18:57:30
3.72,82.32,44.89,Waspada,2026-05-25 18:57:45
3.58,81.01,40.92,Waspada,2026-05-25 18:58:00
3.55,79.57,39.13,Waspada,2026-05-25 18:58:15
3.57,79.44,39.14,Waspada,2026-05-25 18:58:30
3.73,83.50,45.66,Waspada,2026-05-25 18:58:45
3.71,80.89,42.55,Waspada,2026-05-25 18:59:00
3.54,78.91,44.53,Waspada,2026-05-25 18:59:15
3.40,76.64,41.45,Waspada,2026-05-25 18:59:30
3.35,74.78,38.64,Waspada,2026-05-25 18:59:45
3.59,77.64,39.11,Waspada,2026-05-25 19:00:00
3.35,72.31,36.26,Waspada,2026-05-25 19:00:15
3.31,71.59,41.57,Waspada,2026-05-25 19:00:30
3.38,75.66,37.65,Waspada,2026-05-25 19:00:45
3.21,71.21,38.66,Waspada,2026-05-25 19:01:00
3.42,74.22,38.14,Waspada,2026-05-25 19:01:15
3.44,75.80,41.58,Waspada,2026-05-25 19:01:30
3.63,81.24,39.65,Waspada,2026-05-25 19:01:45
4.62,102.72,54.72,Siaga,2026-05-25 19:02:00
3.96,86.71,50.61,Waspada,2026-05-25 19:02:15
3.74,82.49,43.92,Waspada,2026-05-25 19:02:30
3.78,83.63,46.99,Waspada,2026-05-25 19:02:45
3.98,85.45,48.68,Waspada,2026-05-25 19:03:00
4.57,103.01,55.80,Siaga,2026-05-25 19:03:15
4.17,93.40,46.60,Siaga,2026-05-25 19:03:30
3.87,83.76,46.11,Waspada,2026-05-25 19:03:45
3.86,83.81,48.80,Waspada,2026-05-25 19:04:00
4.03,87.68,45.15,Siaga,2026-05-25 19:04:15
3.08,65.70,39.80,Waspada,2026-05-25 19:04:30
4.70,102.79,58.50,Siaga,2026-05-25 19:04:45
4.17,91.53,50.22,Siaga,2026-05-25 19:05:00
3.28,73.17,37.25,Waspada,2026-05-25 19:05:15
3.43,76.07,41.10,Waspada,2026-05-25 19:05:30
3.37,72.46,41.99,Waspada,2026-05-25 19:05:45
3.33,70.93,37.60,Waspada,2026-05-25 19:06:00
3.13,66.61,41.06,Waspada,2026-05-25 19:06:15
3.23,73.50,39.75,Waspada,2026-05-25 19:06:30
3.43,77.84,44.12,Waspada,2026-05-25 19:06:45
3.34,74.73,37.47,Waspada,2026-05-25 19:07:00
3.39,74.89,39.30,Waspada,2026-05-25 19:07:15
3.15,67.85,36.47,Waspada,2026-05-25 19:07:30
3.60,77.10,41.44,Waspada,2026-05-25 19:07:45
4.11,90.38,46.51,Siaga,2026-05-25 19:08:00
3.30,72.39,38.31,Waspada,2026-05-25 19:08:15
3.50,77.79,43.13,Waspada,2026-05-25 19:08:30
3.49,75.69,45.80,Waspada,2026-05-25 19:08:45
3.69,78.95,41.73,Waspada,2026-05-25 19:09:00
3.55,78.05,38.92,Waspada,2026-05-25 19:09:15
3.69,79.46,46.86,Waspada,2026-05-25 19:09:30
3.67,78.39,46.08,Waspada,2026-05-25 19:09:45
3.84,82.69,49.20,Waspada,2026-05-25 19:10:00
3.94,84.40,46.02,Waspada,2026-05-25 19:10:15
3.87,83.52,42.41,Waspada,2026-05-25 19:10:30
3.81,84.69,46.95,Waspada,2026-05-25 19:10:45
3.85,84.64,49.16,Waspada,2026-05-25 19:11:00
3.67,82.12,46.14,Waspada,2026-05-25 19:11:15
3.52,77.47,40.04,Waspada,2026-05-25 19:11:30
3.32,71.75,41.82,Waspada,2026-05-25 19:11:45
3.22,72.42,38.98,Waspada,2026-05-25 19:12:00
3.47,76.30,44.51,Waspada,2026-05-25 19:12:15
3.39,75.24,38.81,Waspada,2026-05-25 19:12:30
3.16,68.38,35.81,Waspada,2026-05-25 19:12:45
3.36,73.93,42.93,Waspada,2026-05-25 19:13:00
3.21,72.62,35.16,Waspada,2026-05-25 19:13:15
3.03,67.06,36.06,Waspada,2026-05-25 19:13:30
2.89,64.90,33.71,Aman,2026-05-25 19:13:45
4.20,94.41,51.23,Siaga,2026-05-25 19:14:00
3.65,80.13,43.14,Waspada,2026-05-25 19:14:15
3.57,80.91,41.11,Waspada,2026-05-25 19:14:30
3.68,78.47,42.41,Waspada,2026-05-25 19:14:45
3.88,85.94,45.45,Waspada,2026-05-25 19:15:00
3.91,84.29,44.66,Waspada,2026-05-25 19:15:15
4.13,92.40,53.58,Siaga,2026-05-25 19:15:30
4.08,89.88,47.58,Siaga,2026-05-25 19:15:45
3.25,73.42,38.52,Waspada,2026-05-25 19:16:00
3.14,69.46,38.44,Waspada,2026-05-25 19:16:15
3.15,70.53,34.15,Waspada,2026-05-25 19:16:30
3.16,67.79,39.84,Waspada,2026-05-25 19:16:45
2.92,65.78,34.55,Aman,2026-05-25 19:17:00
2.71,61.91,35.75,Aman,2026-05-25 19:17:15
2.65,59.97,30.72,Aman,2026-05-25 19:17:30
2.65,57.39,33.03,Aman,2026-05-25 19:17:45
2.71,60.17,34.04,Aman,2026-05-25 19:18:00
2.89,65.45,32.84,Aman,2026-05-25 19:18:15
3.01,64.95,39.73,Waspada,2026-05-25 19:18:30
2.78,59.55,30.91,Aman,2026-05-25 19:18:45
2.75,58.68,36.26,Aman,2026-05-25 19:19:00
2.94,63.14,32.49,Aman,2026-05-25 19:19:15
3.58,80.57,45.38,Waspada,2026-05-25 19:19:30
4.78,106.83,59.86,Siaga,2026-05-25 19:19:45
4.11,92.75,48.92,Siaga,2026-05-25 19:20:00
3.16,70.98,37.60,Waspada,2026-05-25 19:20:15
2.97,67.24,31.86,Aman,2026-05-25 19:20:30
3.12,69.18,35.51,Waspada,2026-05-25 19:20:45
3.29,69.79,40.28,Waspada,2026-05-25 19:21:00
3.28,69.94,40.65,Waspada,2026-05-25 19:21:15
3.45,76.20,40.94,Waspada,2026-05-25 19:21:30
3.43,73.33,38.78,Waspada,2026-05-25 19:21:45
3.90,86.56,43.39,Waspada,2026-05-25 19:22:00
3.86,84.32,45.35,Waspada,2026-05-25 19:22:15
4.05,90.48,49.38,Siaga,2026-05-25 19:22:30
3.64,79.71,45.94,Waspada,2026-05-25 19:22:45
3.74,82.17,44.51,Waspada,2026-05-25 19:23:00
3.50,78.20,42.80,Waspada,2026-05-25 19:23:15
4.85,106.24,61.55,Siaga,2026-05-25 19:23:30
4.62,102.92,53.71,Siaga,2026-05-25 19:23:45
4.24,92.22,49.28,Siaga,2026-05-25 19:24:00
3.45,73.69,43.48,Waspada,2026-05-25 19:24:15
3.94,84.41,45.47,Waspada,2026-05-25 19:24:30
4.02,89.42,52.07,Siaga,2026-05-25 19:24:45
3.30,71.23,41.24,Waspada,2026-05-25 19:25:00
3.23,70.29,34.96,Waspada,2026-05-25 19:25:15
3.41,75.45,40.69,Waspada,2026-05-25 19:25:30
3.26,72.38,39.09,Waspada,2026-05-25 19:25:45
3.21,72.86,39.39,Waspada,2026-05-25 19:26:00
3.12,69.71,36.19,Waspada,2026-05-25 19:26:15
2.94,62.66,35.37,Aman,2026-05-25 19:26:30
3.12,66.65,40.20,Waspada,2026-05-25 19:26:45
3.33,72.42,41.72,Waspada,2026-05-25 19:27:00
3.25,73.10,35.37,Waspada,2026-05-25 19:27:15
3.80,83.12,47.02,Waspada,2026-05-25 19:27:30
3.76,80.95,42.74,Waspada,2026-05-25 19:27:45
4.00,88.28,49.64,Waspada,2026-05-25 19:28:00
4.10,89.66,48.03,Siaga,2026-05-25 19:28:15
3.32,70.79,39.38,Waspada,2026-05-25 19:28:30
3.41,74.39,39.66,Waspada,2026-05-25 19:28:45
3.20,68.94,36.23,Waspada,2026-05-25 19:29:00
3.36,75.21,43.90,Waspada,2026-05-25 19:29:15
3.37,74.32,38.89,Waspada,2026-05-25 19:29:30
3.45,76.12,39.86,Waspada,2026-05-25 19:29:45
3.59,76.87,43.51,Waspada,2026-05-25 19:30:00
3.82,86.12,49.60,Waspada,2026-05-25 19:30:15
3.84,86.74,45.95,Waspada,2026-05-25 19:30:30
3.94,85.61,51.14,Waspada,2026-05-25 19:30:45
3.75,83.00,43.54,Waspada,2026-05-25 19:31:00
3.76,80.48,43.67,Waspada,2026-05-25 19:31:15
3.65,79.96,41.10,Waspada,2026-05-25 19:31:30
3.67,82.37,44.76,Waspada,2026-05-25 19:31:45
3.58,79.29,39.20,Waspada,2026-05-25 19:32:00
3.56,78.78,45.94,Waspada,2026-05-25 19:32:15
3.57,78.81,43.24,Waspada,2026-05-25 19:32:30
3.54,79.25,43.43,Waspada,2026-05-25 19:32:45
3.55,78.91,42.23,Waspada,2026-05-25 19:33:00
3.41,77.09,42.25,Waspada,2026-05-25 19:33:15
3.53,75.45,43.70,Waspada,2026-05-25 19:33:30
3.69,83.32,42.52,Waspada,2026-05-25 19:33:45
4.91,109.93,61.95,Siaga,2026-05-25 19:34:00
4.51,101.26,50.31,Siaga,2026-05-25 19:34:15
4.76,106.01,55.57,Siaga,2026-05-25 19:34:30
4.31,96.96,51.48,Siaga,2026-05-25 19:34:45
3.92,87.82,47.37,Waspada,2026-05-25 19:35:00
3.89,87.07,45.46,Waspada,2026-05-25 19:35:15
3.70,79.94,45.01,Waspada,2026-05-25 19:35:30
3.64,81.65,42.91,Waspada,2026-05-25 19:35:45
3.45,76.89,38.02,Waspada,2026-05-25 19:36:00
3.33,73.24,39.19,Waspada,2026-05-25 19:36:15
3.30,72.47,37.34,Waspada,2026-05-25 19:36:30
3.07,67.46,37.50,Waspada,2026-05-25 19:36:45
3.06,67.70,39.55,Waspada,2026-05-25 19:37:00
3.17,68.19,36.34,Waspada,2026-05-25 19:37:15
2.98,63.74,37.66,Aman,2026-05-25 19:37:30
3.07,69.04,37.60,Waspada,2026-05-25 19:37:45
3.22,70.29,40.88,Waspada,2026-05-25 19:38:00
3.26,72.71,40.25,Waspada,2026-05-25 19:38:15
3.13,68.56,34.50,Waspada,2026-05-25 19:38:30
2.89,66.06,31.46,Aman,2026-05-25 19:38:45
2.79,62.66,31.27,Aman,2026-05-25 19:39:00
2.88,63.44,34.10,Aman,2026-05-25 19:39:15
3.11,70.33,35.32,Waspada,2026-05-25 19:39:30
3.25,71.20,39.73,Waspada,2026-05-25 19:39:45
3.22,72.48,35.79,Waspada,2026-05-25 19:40:00
3.90,85.74,44.57,Waspada,2026-05-25 19:40:15
3.77,80.98,48.01,Waspada,2026-05-25 19:40:30
3.64,81.41,41.47,Waspada,2026-05-25 19:40:45
3.51,75.80,40.49,Waspada,2026-05-25 19:41:00
3.42,72.89,44.92,Waspada,2026-05-25 19:41:15
3.27,70.17,38.80,Waspada,2026-05-25 19:41:30
3.34,75.66,38.55,Waspada,2026-05-25 19:41:45
3.40,74.88,44.46,Waspada,2026-05-25 19:42:00
3.55,77.10,45.76,Waspada,2026-05-25 19:42:15
3.62,81.95,44.46,Waspada,2026-05-25 19:42:30
3.67,78.74,44.06,Waspada,2026-05-25 19:42:45
3.57,80.90,40.57,Waspada,2026-05-25 19:43:00
3.45,77.24,40.77,Waspada,2026-05-25 19:43:15
3.67,79.45,44.20,Waspada,2026-05-25 19:43:30
3.56,77.86,43.00,Waspada,2026-05-25 19:43:45
3.64,78.09,44.61,Waspada,2026-05-25 19:44:00
3.88,84.14,50.14,Waspada,2026-05-25 19:44:15
4.46,97.20,56.22,Siaga,2026-05-25 19:44:30
4.21,92.14,51.48,Siaga,2026-05-25 19:44:45
3.94,86.15,50.91,Waspada,2026-05-25 19:45:00
3.86,84.72,44.47,Waspada,2026-05-25 19:45:15
3.82,83.52,42.99,Waspada,2026-05-25 19:45:30
3.76,82.85,43.93,Waspada,2026-05-25 19:45:45
3.88,83.18,46.44,Waspada,2026-05-25 19:46:00
3.78,83.71,43.85,Waspada,2026-05-25 19:46:15
3.69,82.72,46.50,Waspada,2026-05-25 19:46:30
3.93,84.03,48.02,Waspada,2026-05-25 19:46:45
4.16,91.33,46.09,Siaga,2026-05-25 19:47:00
3.72,82.72,47.27,Waspada,2026-05-25 19:47:15
3.58,76.58,44.36,Waspada,2026-05-25 19:47:30
3.82,86.25,45.18,Waspada,2026-05-25 19:47:45
3.62,78.34,41.69,Waspada,2026-05-25 19:48:00
3.83,82.10,46.90,Waspada,2026-05-25 19:48:15
3.67,79.75,46.45,Waspada,2026-05-25 19:48:30
3.82,82.37,46.33,Waspada,2026-05-25 19:48:45
3.72,80.48,43.15,Waspada,2026-05-25 19:49:00
3.63,82.14,41.66,Waspada,2026-05-25 19:49:15
3.62,77.23,46.69,Waspada,2026-05-25 19:49:30
3.83,82.40,48.37,Waspada,2026-05-25 19:49:45
3.99,87.10,45.49,Waspada,2026-05-25 19:50:00
4.40,97.83,50.21,Siaga,2026-05-25 19:50:15
4.00,89.33,50.96,Siaga,2026-05-25 19:50:30
3.73,83.80,43.37,Waspada,2026-05-25 19:50:45
3.90,88.02,47.29,Waspada,2026-05-25 19:51:00
3.78,80.94,42.11,Waspada,2026-05-25 19:51:15
3.99,85.67,48.00,Waspada,2026-05-25 19:51:30
4.15,89.40,47.44,Siaga,2026-05-25 19:51:45
3.75,83.49,40.98,Waspada,2026-05-25 19:52:00
3.89,87.24,47.62,Waspada,2026-05-25 19:52:15
4.29,95.14,47.80,Siaga,2026-05-25 19:52:30
3.49,78.36,45.79,Waspada,2026-05-25 19:52:45
3.28,70.29,42.41,Waspada,2026-05-25 19:53:00
3.38,75.69,37.07,Waspada,2026-05-25 19:53:15
3.24,71.04,40.74,Waspada,2026-05-25 19:53:30
3.31,70.50,40.45,Waspada,2026-05-25 19:53:45
3.41,76.46,38.43,Waspada,2026-05-25 19:54:00
3.49,76.46,41.53,Waspada,2026-05-25 19:54:15
3.67,83.11,47.80,Waspada,2026-05-25 19:54:30
3.50,74.59,44.24,Waspada,2026-05-25 19:54:45
3.30,72.80,36.32,Waspada,2026-05-25 19:55:00
4.27,92.37,53.82,Siaga,2026-05-25 19:55:15
3.44,74.83,40.62,Waspada,2026-05-25 19:55:30
3.47,77.36,41.34,Waspada,2026-05-25 19:55:45
3.27,73.23,37.43,Waspada,2026-05-25 19:56:00
3.19,70.19,39.32,Waspada,2026-05-25 19:56:15
3.06,66.77,39.27,Waspada,2026-05-25 19:56:30
4.97,109.39,60.88,Siaga,2026-05-25 19:56:45
3.99,87.64,48.57,Waspada,2026-05-25 19:57:00
4.03,88.10,47.40,Siaga,2026-05-25 19:57:15
3.31,72.89,40.89,Waspada,2026-05-25 19:57:30
3.54,80.34,43.92,Waspada,2026-05-25 19:57:45
3.32,74.36,40.07,Waspada,2026-05-25 19:58:00
3.13,69.38,35.82,Waspada,2026-05-25 19:58:15
3.31,72.12,37.22,Waspada,2026-05-25 19:58:30
3.20,71.81,41.10,Waspada,2026-05-25 19:58:45
3.69,80.04,43.65,Waspada,2026-05-25 19:59:00
3.69,83.42,47.67,Waspada,2026-05-25 19:59:15
3.66,80.50,41.52,Waspada,2026-05-25 19:59:30
3.46,77.08,43.96,Waspada,2026-05-25 19:59:45
3.39,75.80,42.43,Waspada,2026-05-25 20:00:00
3.60,80.82,45.13,Waspada,2026-05-25 20:00:15
3.78,80.72,49.10,Waspada,2026-05-25 20:00:30
3.74,83.50,45.63,Waspada,2026-05-25 20:00:45
3.71,82.30,44.41,Waspada,2026-05-25 20:01:00
3.83,82.77,42.98,Waspada,2026-05-25 20:01:15
3.79,82.16,41.50,Waspada,2026-05-25 20:01:30
3.71,83.00,48.49,Waspada,2026-05-25 20:01:45
3.58,80.12,45.71,Waspada,2026-05-25 20:02:00
3.60,79.05,44.19,Waspada,2026-05-25 20:02:15
3.63,78.11,41.62,Waspada,2026-05-25 20:02:30
3.58,80.72,41.47,Waspada,2026-05-25 20:02:45
3.58,78.44,44.83,Waspada,2026-05-25 20:03:00
3.82,85.64,45.57,Waspada,2026-05-25 20:03:15
3.98,87.73,49.85,Waspada,2026-05-25 20:03:30
3.80,82.86,44.39,Waspada,2026-05-25 20:03:45
3.61,81.40,40.28,Waspada,2026-05-25 20:04:00
3.53,78.00,38.79,Waspada,2026-05-25 20:04:15
3.39,75.23,38.59,Waspada,2026-05-25 20:04:30
4.47,96.61,49.70,Siaga,2026-05-25 20:04:45
3.98,89.54,48.62,Waspada,2026-05-25 20:05:00
4.02,88.50,45.03,Siaga,2026-05-25 20:05:15
3.38,74.63,43.17,Waspada,2026-05-25 20:05:30
4.05,88.86,52.62,Siaga,2026-05-25 20:05:45
3.43,74.00,40.85,Waspada,2026-05-25 20:06:00
3.63,82.13,44.04,Waspada,2026-05-25 20:06:15
3.86,84.09,43.46,Waspada,2026-05-25 20:06:30
4.01,90.36,51.13,Siaga,2026-05-25 20:06:45
4.13,92.99,49.18,Siaga,2026-05-25 20:07:00
3.91,84.01,50.20,Waspada,2026-05-25 20:07:15
3.78,84.70,42.33,Waspada,2026-05-25 20:07:30
3.74,83.54,45.86,Waspada,2026-05-25 20:07:45
3.97,88.33,51.27,Waspada,2026-05-25 20:08:00
3.88,84.44,47.16,Waspada,2026-05-25 20:08:15
3.95,87.51,46.64,Waspada,2026-05-25 20:08:30
4.10,88.69,47.26,Siaga,2026-05-25 20:08:45
3.53,76.29,45.28,Waspada,2026-05-25 20:09:00
3.30,74.06,39.50,Waspada,2026-05-25 20:09:15
3.23,70.91,37.90,Waspada,2026-05-25 20:09:30
3.12,67.71,35.79,Waspada,2026-05-25 20:09:45
2.98,66.03,36.27,Aman,2026-05-25 20:10:00
3.11,66.00,33.41,Waspada,2026-05-25 20:10:15
3.71,81.09,41.40,Waspada,2026-05-25 20:10:30
3.60,77.92,41.64,Waspada,2026-05-25 20:10:45
3.41,74.70,41.70,Waspada,2026-05-25 20:11:00
3.27,71.76,37.62,Waspada,2026-05-25 20:11:15
3.27,71.15,36.96,Waspada,2026-05-25 20:11:30
4.18,93.19,51.62,Siaga,2026-05-25 20:11:45
3.50,76.65,43.78,Waspada,2026-05-25 20:12:00
3.46,76.13,40.97,Waspada,2026-05-25 20:12:15
3.58,79.47,39.78,Waspada,2026-05-25 20:12:30
3.68,81.65,41.94,Waspada,2026-05-25 20:12:45
3.68,82.99,44.64,Waspada,2026-05-25 20:13:00
3.63,80.77,45.79,Waspada,2026-05-25 20:13:15
3.83,86.31,45.14,Waspada,2026-05-25 20:13:30
3.90,87.30,49.74,Waspada,2026-05-25 20:13:45
3.66,81.32,42.41,Waspada,2026-05-25 20:14:00
3.99,86.17,45.74,Waspada,2026-05-25 20:14:15
4.71,103.43,54.35,Siaga,2026-05-25 20:14:30
4.48,98.97,52.81,Siaga,2026-05-25 20:14:45
3.67,81.09,47.67,Waspada,2026-05-25 20:15:00
3.79,84.78,46.92,Waspada,2026-05-25 20:15:15
3.70,81.18,44.29,Waspada,2026-05-25 20:15:30
3.66,80.17,43.14,Waspada,2026-05-25 20:15:45
3.53,76.89,42.42,Waspada,2026-05-25 20:16:00
3.53,76.91,46.00,Waspada,2026-05-25 20:16:15
3.52,76.88,43.75,Waspada,2026-05-25 20:16:30
4.89,108.51,58.43,Siaga,2026-05-25 20:16:45
4.00,89.43,44.83,Waspada,2026-05-25 20:17:00
3.97,89.77,49.75,Waspada,2026-05-25 20:17:15
4.03,87.71,44.48,Siaga,2026-05-25 20:17:30
3.12,71.20,38.21,Waspada,2026-05-25 20:17:45
2.97,65.16,35.13,Aman,2026-05-25 20:18:00
2.85,62.26,37.61,Aman,2026-05-25 20:18:15
2.63,57.31,31.60,Aman,2026-05-25 20:18:30
2.87,61.50,32.77,Aman,2026-05-25 20:18:45
3.53,75.26,44.25,Waspada,2026-05-25 20:19:00
3.73,80.16,40.96,Waspada,2026-05-25 20:19:15
3.80,86.10,41.78,Waspada,2026-05-25 20:19:30
3.95,86.12,50.98,Waspada,2026-05-25 20:19:45
3.99,88.37,45.12,Waspada,2026-05-25 20:20:00
4.00,89.68,50.95,Waspada,2026-05-25 20:20:15
3.81,81.80,48.30,Waspada,2026-05-25 20:20:30
3.94,85.68,44.99,Waspada,2026-05-25 20:20:45
3.88,87.51,43.39,Waspada,2026-05-25 20:21:00
4.00,89.03,50.15,Waspada,2026-05-25 20:21:15
4.13,92.15,53.43,Siaga,2026-05-25 20:21:30
3.55,80.41,43.75,Waspada,2026-05-25 20:21:45
3.46,76.11,41.17,Waspada,2026-05-25 20:22:00
3.34,71.25,42.23,Waspada,2026-05-25 20:22:15
3.26,73.03,37.45,Waspada,2026-05-25 20:22:30
3.39,73.39,40.01,Waspada,2026-05-25 20:22:45
3.41,77.16,37.32,Waspada,2026-05-25 20:23:00
3.35,76.22,42.00,Waspada,2026-05-25 20:23:15
3.57,76.19,39.03,Waspada,2026-05-25 20:23:30
3.36,75.97,44.27,Waspada,2026-05-25 20:23:45
3.40,72.30,41.11,Waspada,2026-05-25 20:24:00
3.57,77.64,46.48,Waspada,2026-05-25 20:24:15
4.72,102.82,60.57,Siaga,2026-05-25 20:24:30
4.29,93.85,54.63,Siaga,2026-05-25 20:24:45
3.53,77.94,41.42,Waspada,2026-05-25 20:25:00
3.58,76.77,43.45,Waspada,2026-05-25 20:25:15
3.42,75.70,38.66,Waspada,2026-05-25 20:25:30
4.40,97.05,52.69,Siaga,2026-05-25 20:25:45
3.44,75.95,42.47,Waspada,2026-05-25 20:26:00
3.52,79.73,41.13,Waspada,2026-05-25 20:26:15
3.67,78.75,44.34,Waspada,2026-05-25 20:26:30
3.76,82.60,46.60,Waspada,2026-05-25 20:26:45
3.53,78.39,44.25,Waspada,2026-05-25 20:27:00
3.43,76.65,44.76,Waspada,2026-05-25 20:27:15
3.52,79.60,41.60,Waspada,2026-05-25 20:27:30
3.38,76.15,40.84,Waspada,2026-05-25 20:27:45
3.32,70.53,39.68,Waspada,2026-05-25 20:28:00
3.49,75.15,41.49,Waspada,2026-05-25 20:28:15
3.43,74.72,40.52,Waspada,2026-05-25 20:28:30
3.61,78.44,42.80,Waspada,2026-05-25 20:28:45
3.44,77.02,44.37,Waspada,2026-05-25 20:29:00
3.55,80.64,44.51,Waspada,2026-05-25 20:29:15
3.59,78.61,44.25,Waspada,2026-05-25 20:29:30
3.81,83.70,48.13,Waspada,2026-05-25 20:29:45
3.83,85.41,45.62,Waspada,2026-05-25 20:30:00
3.93,86.49,47.43,Waspada,2026-05-25 20:30:15
3.72,81.43,46.60,Waspada,2026-05-25 20:30:30
3.64,81.80,44.17,Waspada,2026-05-25 20:30:45
3.54,75.40,38.84,Waspada,2026-05-25 20:31:00
3.71,82.24,47.29,Waspada,2026-05-25 20:31:15
3.55,75.84,40.00,Waspada,2026-05-25 20:31:30
3.47,75.30,40.97,Waspada,2026-05-25 20:31:45
3.62,79.15,43.84,Waspada,2026-05-25 20:32:00
3.48,76.05,41.57,Waspada,2026-05-25 20:32:15
3.73,81.64,43.32,Waspada,2026-05-25 20:32:30
3.84,83.78,45.46,Waspada,2026-05-25 20:32:45
3.75,80.60,45.59,Waspada,2026-05-25 20:33:00
3.69,83.37,43.54,Waspada,2026-05-25 20:33:15
3.80,84.68,41.88,Waspada,2026-05-25 20:33:30
3.81,81.86,45.03,Waspada,2026-05-25 20:33:45
3.83,86.58,43.61,Waspada,2026-05-25 20:34:00
3.75,80.56,48.37,Waspada,2026-05-25 20:34:15
4.52,97.45,53.26,Siaga,2026-05-25 20:34:30
4.31,94.88,53.93,Siaga,2026-05-25 20:34:45
3.89,85.59,48.39,Waspada,2026-05-25 20:35:00
3.99,90.10,47.00,Waspada,2026-05-25 20:35:15
3.75,84.36,42.22,Waspada,2026-05-25 20:35:30
3.79,81.84,46.69,Waspada,2026-05-25 20:35:45
3.60,78.37,46.90,Waspada,2026-05-25 20:36:00
3.67,79.16,40.65,Waspada,2026-05-25 20:36:15
3.89,87.97,47.12,Waspada,2026-05-25 20:36:30
3.78,80.92,47.04,Waspada,2026-05-25 20:36:45
3.79,84.15,42.98,Waspada,2026-05-25 20:37:00
3.92,83.85,47.52,Waspada,2026-05-25 20:37:15
3.80,86.11,45.14,Waspada,2026-05-25 20:37:30
3.57,80.38,42.11,Waspada,2026-05-25 20:37:45
3.50,79.13,40.27,Waspada,2026-05-25 20:38:00
3.57,78.69,39.85,Waspada,2026-05-25 20:38:15
3.40,76.60,38.93,Waspada,2026-05-25 20:38:30
3.57,77.25,42.23,Waspada,2026-05-25 20:38:45
3.62,81.22,45.50,Waspada,2026-05-25 20:39:00
3.72,83.62,45.55,Waspada,2026-05-25 20:39:15
3.97,88.01,49.61,Waspada,2026-05-25 20:39:30
3.72,80.92,47.33,Waspada,2026-05-25 20:39:45
3.69,78.88,43.69,Waspada,2026-05-25 20:40:00
3.45,75.72,42.82,Waspada,2026-05-25 20:40:15
3.48,78.86,38.25,Waspada,2026-05-25 20:40:30
3.28,70.57,39.42,Waspada,2026-05-25 20:40:45
3.53,76.91,41.95,Waspada,2026-05-25 20:41:00
3.73,79.92,46.34,Waspada,2026-05-25 20:41:15
3.82,85.36,45.30,Waspada,2026-05-25 20:41:30
3.97,84.95,48.36,Waspada,2026-05-25 20:41:45
3.91,85.11,48.45,Waspada,2026-05-25 20:42:00
4.05,89.14,47.58,Siaga,2026-05-25 20:42:15
3.32,74.97,42.90,Waspada,2026-05-25 20:42:30
3.07,68.84,37.55,Waspada,2026-05-25 20:42:45
3.18,71.50,39.86,Waspada,2026-05-25 20:43:00
4.02,86.23,44.57,Siaga,2026-05-25 20:43:15
3.79,82.88,41.64,Waspada,2026-05-25 20:43:30
5.68,126.26,64.90,Awas,2026-05-25 20:43:45
4.86,108.47,60.94,Siaga,2026-05-25 20:44:00
5.47,119.95,63.40,Awas,2026-05-25 20:44:15
4.63,99.48,52.63,Siaga,2026-05-25 20:44:30
4.65,101.93,54.32,Siaga,2026-05-25 20:44:45
4.40,94.63,50.51,Siaga,2026-05-25 20:45:00
4.08,90.58,45.62,Siaga,2026-05-25 20:45:15
4.22,91.33,51.61,Siaga,2026-05-25 20:45:30
3.56,77.21,44.15,Waspada,2026-05-25 20:45:45
3.59,80.86,43.37,Waspada,2026-05-25 20:46:00
3.63,81.00,42.87,Waspada,2026-05-25 20:46:15
3.51,78.23,38.23,Waspada,2026-05-25 20:46:30
3.67,81.51,46.05,Waspada,2026-05-25 20:46:45
3.49,76.19,40.93,Waspada,2026-05-25 20:47:00
3.35,73.19,37.30,Waspada,2026-05-25 20:47:15
3.26,73.35,41.98,Waspada,2026-05-25 20:47:30
3.39,76.63,42.91,Waspada,2026-05-25 20:47:45
3.45,78.31,42.75,Waspada,2026-05-25 20:48:00
3.61,81.15,39.80,Waspada,2026-05-25 20:48:15
3.49,74.77,41.78,Waspada,2026-05-25 20:48:30
3.25,71.49,36.67,Waspada,2026-05-25 20:48:45
3.17,70.57,39.25,Waspada,2026-05-25 20:49:00
3.22,71.16,39.55,Waspada,2026-05-25 20:49:15
3.02,65.59,37.07,Waspada,2026-05-25 20:49:30
2.80,62.90,31.99,Aman,2026-05-25 20:49:45
2.74,58.38,33.87,Aman,2026-05-25 20:50:00
2.53,56.84,33.73,Aman,2026-05-25 20:50:15
2.46,55.50,27.67,Aman,2026-05-25 20:50:30
2.61,56.57,33.64,Aman,2026-05-25 20:50:45
2.39,55.04,31.29,Aman,2026-05-25 20:51:00
2.24,47.84,27.53,Aman,2026-05-25 20:51:15
2.12,45.34,23.93,Aman,2026-05-25 20:51:30
2.12,47.84,29.31,Aman,2026-05-25 20:51:45
2.10,45.84,26.00,Aman,2026-05-25 20:52:00
2.04,45.89,28.34,Aman,2026-05-25 20:52:15
2.35,53.90,27.41,Aman,2026-05-25 20:52:30
2.37,53.33,24.89,Aman,2026-05-25 20:52:45
2.15,47.87,27.27,Aman,2026-05-25 20:53:00
2.11,45.81,21.49,Aman,2026-05-25 20:53:15
2.03,44.97,27.73,Aman,2026-05-25 20:53:30
2.21,47.44,25.96,Aman,2026-05-25 20:53:45
2.15,45.41,25.54,Aman,2026-05-25 20:54:00
2.11,48.28,21.70,Aman,2026-05-25 20:54:15
2.34,49.63,27.32,Aman,2026-05-25 20:54:30
2.55,55.56,31.63,Aman,2026-05-25 20:54:45
2.80,60.76,36.49,Aman,2026-05-25 20:55:00
2.79,59.36,32.02,Aman,2026-05-25 20:55:15
3.03,66.79,40.08,Waspada,2026-05-25 20:55:30
3.26,69.84,40.49,Waspada,2026-05-25 20:55:45
4.58,100.67,55.47,Siaga,2026-05-25 20:56:00
4.03,87.24,51.50,Siaga,2026-05-25 20:56:15
3.72,80.37,41.50,Waspada,2026-05-25 20:56:30
3.60,80.41,41.95,Waspada,2026-05-25 20:56:45
3.56,76.94,42.58,Waspada,2026-05-25 20:57:00
3.69,81.93,45.47,Waspada,2026-05-25 20:57:15
3.92,84.92,48.49,Waspada,2026-05-25 20:57:30
4.09,89.68,52.04,Siaga,2026-05-25 20:57:45
3.29,73.56,40.10,Waspada,2026-05-25 20:58:00
3.30,70.44,41.58,Waspada,2026-05-25 20:58:15
3.41,72.96,40.87,Waspada,2026-05-25 20:58:30
3.18,71.78,34.39,Waspada,2026-05-25 20:58:45
3.30,72.89,35.79,Waspada,2026-05-25 20:59:00
3.39,74.63,41.58,Waspada,2026-05-25 20:59:15
3.29,72.55,42.06,Waspada,2026-05-25 20:59:30
3.41,74.89,41.68,Waspada,2026-05-25 20:59:45
3.62,77.44,44.05,Waspada,2026-05-25 21:00:00
3.77,82.72,46.23,Waspada,2026-05-25 21:00:15
3.73,81.77,47.41,Waspada,2026-05-25 21:00:30
3.59,79.52,46.67,Waspada,2026-05-25 21:00:45
3.57,78.57,43.94,Waspada,2026-05-25 21:01:00
3.55,78.15,42.62,Waspada,2026-05-25 21:01:15
3.32,75.31,39.62,Waspada,2026-05-25 21:01:30
3.45,77.28,40.24,Waspada,2026-05-25 21:01:45
3.21,71.39,38.55,Waspada,2026-05-25 21:02:00
3.19,70.17,40.52,Waspada,2026-05-25 21:02:15
2.99,63.51,36.66,Aman,2026-05-25 21:02:30
3.22,68.35,35.68,Waspada,2026-05-25 21:02:45
4.24,94.25,53.74,Siaga,2026-05-25 21:03:00
3.53,78.18,40.12,Waspada,2026-05-25 21:03:15
3.77,84.87,46.74,Waspada,2026-05-25 21:03:30
3.52,77.59,44.92,Waspada,2026-05-25 21:03:45
3.38,75.52,38.44,Waspada,2026-05-25 21:04:00
4.63,100.75,51.57,Siaga,2026-05-25 21:04:15
5.94,132.59,70.90,Awas,2026-05-25 21:04:30
5.27,115.30,62.47,Awas,2026-05-25 21:04:45
4.84,106.77,59.18,Siaga,2026-05-25 21:05:00
3.97,85.21,50.83,Waspada,2026-05-25 21:05:15
3.97,85.21,50.88,Waspada,2026-05-25 21:05:30
4.13,89.07,47.20,Siaga,2026-05-25 21:05:45
3.15,70.46,38.90,Waspada,2026-05-25 21:06:00
3.11,68.81,39.84,Waspada,2026-05-25 21:06:15
3.59,78.49,41.53,Waspada,2026-05-25 21:06:30
4.74,106.53,59.97,Siaga,2026-05-25 21:06:45
4.35,94.98,53.56,Siaga,2026-05-25 21:07:00
4.07,88.78,45.47,Siaga,2026-05-25 21:07:15
3.78,82.58,45.87,Waspada,2026-05-25 21:07:30
3.90,87.61,45.01,Waspada,2026-05-25 21:07:45
3.80,84.62,43.18,Waspada,2026-05-25 21:08:00
4.00,88.60,47.75,Waspada,2026-05-25 21:08:15
4.14,91.32,46.92,Siaga,2026-05-25 21:08:30
3.25,71.55,37.79,Waspada,2026-05-25 21:08:45
3.21,69.89,38.51,Waspada,2026-05-25 21:09:00
3.29,73.72,43.29,Waspada,2026-05-25 21:09:15
3.32,71.79,35.90,Waspada,2026-05-25 21:09:30
3.42,74.76,43.36,Waspada,2026-05-25 21:09:45
3.20,71.01,34.89,Waspada,2026-05-25 21:10:00
3.31,71.94,36.58,Waspada,2026-05-25 21:10:15
3.50,75.83,45.74,Waspada,2026-05-25 21:10:30
3.49,76.93,41.91,Waspada,2026-05-25 21:10:45
3.27,73.19,38.23,Waspada,2026-05-25 21:11:00
3.50,74.89,40.31,Waspada,2026-05-25 21:11:15
5.05,110.09,57.02,Awas,2026-05-25 21:11:30
4.63,100.05,56.75,Siaga,2026-05-25 21:11:45
3.96,86.25,44.25,Waspada,2026-05-25 21:12:00
3.73,80.86,43.13,Waspada,2026-05-25 21:12:15
4.21,94.37,53.81,Siaga,2026-05-25 21:12:30
3.48,77.79,38.61,Waspada,2026-05-25 21:12:45
3.23,71.41,40.80,Waspada,2026-05-25 21:13:00
3.05,69.53,37.32,Waspada,2026-05-25 21:13:15
3.28,72.36,40.99,Waspada,2026-05-25 21:13:30
3.28,72.96,36.97,Waspada,2026-05-25 21:13:45
3.36,72.21,42.86,Waspada,2026-05-25 21:14:00
4.55,99.99,56.51,Siaga,2026-05-25 21:14:15
3.71,84.16,45.03,Waspada,2026-05-25 21:14:30
3.75,81.44,42.37,Waspada,2026-05-25 21:14:45
3.75,80.85,46.65,Waspada,2026-05-25 21:15:00
3.97,89.60,51.04,Waspada,2026-05-25 21:15:15
3.96,84.62,44.21,Waspada,2026-05-25 21:15:30
3.88,86.26,47.24,Waspada,2026-05-25 21:15:45
3.74,80.28,48.05,Waspada,2026-05-25 21:16:00
4.49,99.26,55.25,Siaga,2026-05-25 21:16:15
4.00,87.35,50.31,Waspada,2026-05-25 21:16:30
3.94,88.48,48.51,Waspada,2026-05-25 21:16:45
3.71,82.95,45.84,Waspada,2026-05-25 21:17:00
3.50,79.33,44.56,Waspada,2026-05-25 21:17:15
3.41,73.93,37.93,Waspada,2026-05-25 21:17:30
3.19,70.85,36.53,Waspada,2026-05-25 21:17:45
3.22,71.44,35.99,Waspada,2026-05-25 21:18:00
3.43,74.86,41.55,Waspada,2026-05-25 21:18:15
3.34,73.40,36.08,Waspada,2026-05-25 21:18:30
3.27,73.41,35.50,Waspada,2026-05-25 21:18:45
3.36,75.36,40.95,Waspada,2026-05-25 21:19:00
3.47,77.60,38.35,Waspada,2026-05-25 21:19:15
3.65,81.46,45.99,Waspada,2026-05-25 21:19:30
4.85,106.15,55.96,Siaga,2026-05-25 21:19:45
4.47,96.31,54.46,Siaga,2026-05-25 21:20:00
3.92,87.78,44.79,Waspada,2026-05-25 21:20:15
4.09,91.57,51.90,Siaga,2026-05-25 21:20:30
3.57,80.72,45.30,Waspada,2026-05-25 21:20:45
3.44,77.73,37.44,Waspada,2026-05-25 21:21:00
3.60,81.01,40.23,Waspada,2026-05-25 21:21:15
3.63,77.54,40.03,Waspada,2026-05-25 21:21:30
3.86,86.83,47.65,Waspada,2026-05-25 21:21:45
4.00,85.70,48.25,Waspada,2026-05-25 21:22:00
5.18,115.45,63.75,Awas,2026-05-25 21:22:15
4.48,97.84,57.48,Siaga,2026-05-25 21:22:30
3.97,89.73,49.33,Waspada,2026-05-25 21:22:45
3.99,85.76,44.05,Waspada,2026-05-25 21:23:00
3.96,86.39,45.34,Waspada,2026-05-25 21:23:15
3.87,85.71,42.49,Waspada,2026-05-25 21:23:30
4.43,97.00,53.18,Siaga,2026-05-25 21:23:45
3.66,82.16,43.34,Waspada,2026-05-25 21:24:00
3.42,74.08,38.60,Waspada,2026-05-25 21:24:15
3.49,75.36,45.38,Waspada,2026-05-25 21:24:30
3.43,74.54,44.52,Waspada,2026-05-25 21:24:45
3.51,75.89,38.56,Waspada,2026-05-25 21:25:00
3.57,78.29,42.94,Waspada,2026-05-25 21:25:15
5.58,123.57,67.28,Awas,2026-05-25 21:25:30
5.01,109.03,60.75,Awas,2026-05-25 21:25:45
4.28,93.44,52.55,Siaga,2026-05-25 21:26:00
3.38,73.92,41.48,Waspada,2026-05-25 21:26:15
3.15,71.06,36.23,Waspada,2026-05-25 21:26:30
3.32,71.12,37.62,Waspada,2026-05-25 21:26:45
3.17,71.77,34.23,Waspada,2026-05-25 21:27:00
3.38,76.21,44.37,Waspada,2026-05-25 21:27:15
3.46,73.78,41.44,Waspada,2026-05-25 21:27:30
3.34,75.37,36.77,Waspada,2026-05-25 21:27:45
3.54,79.17,43.34,Waspada,2026-05-25 21:28:00
3.76,81.36,48.08,Waspada,2026-05-25 21:28:15
3.92,85.76,50.91,Waspada,2026-05-25 21:28:30
4.66,100.24,53.31,Siaga,2026-05-25 21:28:45
4.08,89.44,46.03,Siaga,2026-05-25 21:29:00
3.81,85.00,43.07,Waspada,2026-05-25 21:29:15
3.92,88.44,48.77,Waspada,2026-05-25 21:29:30
4.01,87.14,47.52,Siaga,2026-05-25 21:29:45
3.55,79.62,46.09,Waspada,2026-05-25 21:30:00
3.35,75.95,43.01,Waspada,2026-05-25 21:30:15
3.48,77.37,44.50,Waspada,2026-05-25 21:30:30
4.21,92.84,51.52,Siaga,2026-05-25 21:30:45
3.48,77.33,43.24,Waspada,2026-05-25 21:31:00
3.46,76.42,38.61,Waspada,2026-05-25 21:31:15
3.27,73.56,36.39,Waspada,2026-05-25 21:31:30
3.32,71.76,43.39,Waspada,2026-05-25 21:31:45
3.54,79.75,40.45,Waspada,2026-05-25 21:32:00
3.77,82.54,45.13,Waspada,2026-05-25 21:32:15
3.97,87.79,48.45,Waspada,2026-05-25 21:32:30
3.91,86.73,47.08,Waspada,2026-05-25 21:32:45
3.91,88.21,47.32,Waspada,2026-05-25 21:33:00
3.89,87.60,48.09,Waspada,2026-05-25 21:33:15
3.94,85.33,50.68,Waspada,2026-05-25 21:33:30
4.05,89.89,48.31,Siaga,2026-05-25 21:33:45
3.41,73.10,44.23,Waspada,2026-05-25 21:34:00
3.37,73.02,42.73,Waspada,2026-05-25 21:34:15
3.27,74.10,42.04,Waspada,2026-05-25 21:34:30
3.14,70.45,34.89,Waspada,2026-05-25 21:34:45
2.94,64.88,35.18,Aman,2026-05-25 21:35:00
3.14,70.48,34.74,Waspada,2026-05-25 21:35:15
3.14,67.91,37.45,Waspada,2026-05-25 21:35:30
2.93,63.39,34.33,Aman,2026-05-25 21:35:45
2.82,60.02,32.85,Aman,2026-05-25 21:36:00
3.02,64.95,33.44,Waspada,2026-05-25 21:36:15
2.81,61.51,32.10,Aman,2026-05-25 21:36:30
2.91,65.05,32.00,Aman,2026-05-25 21:36:45
2.71,57.96,31.33,Aman,2026-05-25 21:37:00
2.92,63.75,36.31,Aman,2026-05-25 21:37:15
2.68,59.54,30.72,Aman,2026-05-25 21:37:30
4.21,93.17,52.16,Siaga,2026-05-25 21:37:45
3.46,76.16,41.85,Waspada,2026-05-25 21:38:00
3.38,73.43,40.17,Waspada,2026-05-25 21:38:15
3.32,71.07,37.85,Waspada,2026-05-25 21:38:30
3.47,77.26,42.81,Waspada,2026-05-25 21:38:45
3.61,80.05,46.90,Waspada,2026-05-25 21:39:00
3.61,79.65,39.49,Waspada,2026-05-25 21:39:15
3.86,83.18,43.38,Waspada,2026-05-25 21:39:30
3.63,79.33,40.65,Waspada,2026-05-25 21:39:45
3.52,76.42,44.63,Waspada,2026-05-25 21:40:00
3.37,75.29,39.56,Waspada,2026-05-25 21:40:15
3.24,71.71,40.31,Waspada,2026-05-25 21:40:30
3.08,69.60,35.03,Waspada,2026-05-25 21:40:45
3.25,73.31,35.93,Waspada,2026-05-25 21:41:00
3.39,75.52,39.59,Waspada,2026-05-25 21:41:15
4.02,89.52,50.37,Siaga,2026-05-25 21:41:30
3.55,76.09,44.52,Waspada,2026-05-25 21:41:45
3.77,83.79,48.45,Waspada,2026-05-25 21:42:00
3.61,81.59,45.81,Waspada,2026-05-25 21:42:15
3.52,76.25,45.24,Waspada,2026-05-25 21:42:30
3.55,76.61,39.97,Waspada,2026-05-25 21:42:45
3.43,76.34,43.02,Waspada,2026-05-25 21:43:00
3.45,75.85,39.72,Waspada,2026-05-25 21:43:15
3.37,73.76,39.12,Waspada,2026-05-25 21:43:30
3.42,75.22,42.77,Waspada,2026-05-25 21:43:45
3.19,69.54,36.92,Waspada,2026-05-25 21:44:00
3.24,72.80,37.84,Waspada,2026-05-25 21:44:15
3.44,78.06,38.19,Waspada,2026-05-25 21:44:30
3.24,70.20,39.86,Waspada,2026-05-25 21:44:45
3.10,69.11,36.29,Waspada,2026-05-25 21:45:00
2.93,66.93,35.41,Aman,2026-05-25 21:45:15
3.07,66.99,35.03,Waspada,2026-05-25 21:45:30
3.26,72.54,40.21,Waspada,2026-05-25 21:45:45
3.39,76.72,37.41,Waspada,2026-05-25 21:46:00
3.62,81.07,45.97,Waspada,2026-05-25 21:46:15
3.59,81.20,44.92,Waspada,2026-05-25 21:46:30
3.64,78.96,39.85,Waspada,2026-05-25 21:46:45
3.44,76.58,44.58,Waspada,2026-05-25 21:47:00
3.55,77.07,42.08,Waspada,2026-05-25 21:47:15
3.71,82.44,47.86,Waspada,2026-05-25 21:47:30
3.90,87.35,43.20,Waspada,2026-05-25 21:47:45
3.79,84.69,49.35,Waspada,2026-05-25 21:48:00
4.49,96.82,51.12,Siaga,2026-05-25 21:48:15
3.80,82.57,43.12,Waspada,2026-05-25 21:48:30
3.98,86.00,49.83,Waspada,2026-05-25 21:48:45
3.84,84.60,44.06,Waspada,2026-05-25 21:49:00
3.61,79.74,43.11,Waspada,2026-05-25 21:49:15
3.36,74.92,40.97,Waspada,2026-05-25 21:49:30
3.53,78.72,43.39,Waspada,2026-05-25 21:49:45
3.54,78.90,42.99,Waspada,2026-05-25 21:50:00
3.67,82.81,43.39,Waspada,2026-05-25 21:50:15
3.72,81.82,41.89,Waspada,2026-05-25 21:50:30
3.66,78.64,45.70,Waspada,2026-05-25 21:50:45
3.81,82.73,43.72,Waspada,2026-05-25 21:51:00
3.59,77.50,44.76,Waspada,2026-05-25 21:51:15
5.31,117.86,61.94,Awas,2026-05-25 21:51:30
4.32,94.55,49.86,Siaga,2026-05-25 21:51:45
3.81,85.65,48.98,Waspada,2026-05-25 21:52:00
3.90,85.79,48.93,Waspada,2026-05-25 21:52:15
4.13,91.14,47.09,Siaga,2026-05-25 21:52:30
3.79,81.36,42.82,Waspada,2026-05-25 21:52:45
3.89,84.78,45.01,Waspada,2026-05-25 21:53:00
3.81,84.21,47.64,Waspada,2026-05-25 21:53:15
4.05,87.51,52.56,Siaga,2026-05-25 21:53:30
3.30,73.34,38.91,Waspada,2026-05-25 21:53:45
3.33,74.27,42.61,Waspada,2026-05-25 21:54:00
3.39,75.09,37.67,Waspada,2026-05-25 21:54:15
3.63,82.19,40.36,Waspada,2026-05-25 21:54:30
3.85,86.10,45.50,Waspada,2026-05-25 21:54:45
4.03,90.99,46.09,Siaga,2026-05-25 21:55:00
3.88,87.77,47.82,Waspada,2026-05-25 21:55:15
3.76,81.21,45.10,Waspada,2026-05-25 21:55:30
3.73,84.19,41.71,Waspada,2026-05-25 21:55:45
4.97,109.96,62.40,Siaga,2026-05-25 21:56:00
4.65,101.50,53.44,Siaga,2026-05-25 21:56:15
4.32,93.50,54.58,Siaga,2026-05-25 21:56:30
4.09,88.05,51.04,Siaga,2026-05-25 21:56:45
3.73,79.75,48.34,Waspada,2026-05-25 21:57:00
3.87,87.13,42.64,Waspada,2026-05-25 21:57:15
3.91,87.94,49.85,Waspada,2026-05-25 21:57:30
3.85,84.48,45.04,Waspada,2026-05-25 21:57:45
3.75,82.58,43.58,Waspada,2026-05-25 21:58:00
4.14,91.64,52.88,Siaga,2026-05-25 21:58:15
3.20,70.81,34.66,Waspada,2026-05-25 21:58:30
4.29,95.13,54.97,Siaga,2026-05-25 21:58:45
4.05,87.73,46.61,Siaga,2026-05-25 21:59:00
3.33,73.29,36.07,Waspada,2026-05-25 21:59:15
3.33,73.89,38.17,Waspada,2026-05-25 21:59:30
3.21,70.73,36.05,Waspada,2026-05-25 21:59:45
3.23,72.14,42.56,Waspada,2026-05-25 22:00:00
3.25,73.83,39.82,Waspada,2026-05-25 22:00:15
3.42,73.36,38.68,Waspada,2026-05-25 22:00:30
3.27,72.18,38.64,Waspada,2026-05-25 22:00:45
3.32,72.37,43.64,Waspada,2026-05-25 22:01:00
3.11,70.75,38.94,Waspada,2026-05-25 22:01:15
4.53,99.74,54.23,Siaga,2026-05-25 22:01:30
4.09,88.40,50.50,Siaga,2026-05-25 22:01:45
3.54,76.89,44.07,Waspada,2026-05-25 22:02:00
3.49,74.48,39.03,Waspada,2026-05-25 22:02:15
3.68,81.94,45.36,Waspada,2026-05-25 22:02:30
3.51,76.78,38.51,Waspada,2026-05-25 22:02:45
3.57,80.63,46.27,Waspada,2026-05-25 22:03:00
3.79,81.02,43.82,Waspada,2026-05-25 22:03:15
3.68,82.72,43.17,Waspada,2026-05-25 22:03:30
3.44,74.25,39.34,Waspada,2026-05-25 22:03:45
3.50,74.41,38.23,Waspada,2026-05-25 22:04:00
3.67,79.31,47.20,Waspada,2026-05-25 22:04:15
4.05,91.10,45.62,Siaga,2026-05-25 22:04:30
3.20,68.57,36.33,Waspada,2026-05-25 22:04:45
3.39,73.15,37.11,Waspada,2026-05-25 22:05:00
3.49,77.19,41.65,Waspada,2026-05-25 22:05:15
3.72,82.94,46.00,Waspada,2026-05-25 22:05:30
4.05,89.86,48.74,Siaga,2026-05-25 22:05:45
3.22,71.85,34.73,Waspada,2026-05-25 22:06:00
3.12,70.15,41.31,Waspada,2026-05-25 22:06:15
2.96,63.88,35.51,Aman,2026-05-25 22:06:30
3.03,66.25,34.12,Waspada,2026-05-25 22:06:45
2.85,63.77,36.87,Aman,2026-05-25 22:07:00
3.29,74.44,36.33,Waspada,2026-05-25 22:07:15
3.25,70.78,36.28,Waspada,2026-05-25 22:07:30
3.09,67.73,36.33,Waspada,2026-05-25 22:07:45
3.28,73.04,40.42,Waspada,2026-05-25 22:08:00
3.49,78.29,40.64,Waspada,2026-05-25 22:08:15
3.36,75.69,39.05,Waspada,2026-05-25 22:08:30
3.35,72.16,40.19,Waspada,2026-05-25 22:08:45
3.19,70.74,39.23,Waspada,2026-05-25 22:09:00
3.20,70.57,35.56,Waspada,2026-05-25 22:09:15
3.09,67.08,41.09,Waspada,2026-05-25 22:09:30
3.05,68.82,33.36,Waspada,2026-05-25 22:09:45
2.85,61.12,35.51,Aman,2026-05-25 22:10:00
3.06,68.06,37.21,Waspada,2026-05-25 22:10:15
3.19,70.07,38.61,Waspada,2026-05-25 22:10:30
3.21,71.43,36.81,Waspada,2026-05-25 22:10:45
3.03,68.70,40.07,Waspada,2026-05-25 22:11:00
3.34,74.58,37.92,Waspada,2026-05-25 22:11:15
3.23,70.75,36.47,Waspada,2026-05-25 22:11:30
3.09,70.11,38.08,Waspada,2026-05-25 22:11:45
3.20,69.24,35.29,Waspada,2026-05-25 22:12:00
3.09,65.95,41.14,Waspada,2026-05-25 22:12:15
3.31,73.84,38.56,Waspada,2026-05-25 22:12:30
3.25,69.12,37.78,Waspada,2026-05-25 22:12:45
3.04,68.85,39.37,Waspada,2026-05-25 22:13:00
3.06,67.29,36.21,Waspada,2026-05-25 22:13:15
3.08,68.38,34.66,Waspada,2026-05-25 22:13:30
3.19,68.22,36.52,Waspada,2026-05-25 22:13:45
3.27,73.61,35.46,Waspada,2026-05-25 22:14:00
3.21,69.49,40.85,Waspada,2026-05-25 22:14:15
3.09,67.43,35.91,Waspada,2026-05-25 22:14:30
2.92,66.19,33.55,Aman,2026-05-25 22:14:45
3.98,89.51,46.39,Waspada,2026-05-25 22:15:00
3.78,84.85,43.62,Waspada,2026-05-25 22:15:15
3.94,84.89,43.38,Waspada,2026-05-25 22:15:30
4.17,89.34,48.22,Siaga,2026-05-25 22:15:45
3.28,74.06,37.79,Waspada,2026-05-25 22:16:00
3.18,70.24,41.43,Waspada,2026-05-25 22:16:15
3.10,69.44,36.03,Waspada,2026-05-25 22:16:30
2.97,65.11,33.20,Aman,2026-05-25 22:16:45
3.09,70.14,38.52,Waspada,2026-05-25 22:17:00
4.16,89.23,49.38,Siaga,2026-05-25 22:17:15
3.44,76.43,38.40,Waspada,2026-05-25 22:17:30
3.66,82.47,40.96,Waspada,2026-05-25 22:17:45
3.51,75.29,39.04,Waspada,2026-05-25 22:18:00
3.36,75.20,41.18,Waspada,2026-05-25 22:18:15
3.43,77.60,37.94,Waspada,2026-05-25 22:18:30
3.21,69.74,40.55,Waspada,2026-05-25 22:18:45
3.08,67.63,37.46,Waspada,2026-05-25 22:19:00
3.33,74.11,37.52,Waspada,2026-05-25 22:19:15
3.29,73.45,39.97,Waspada,2026-05-25 22:19:30
3.15,71.03,40.91,Waspada,2026-05-25 22:19:45
3.33,75.60,40.66,Waspada,2026-05-25 22:20:00
3.50,79.00,44.57,Waspada,2026-05-25 22:20:15
3.39,72.86,36.87,Waspada,2026-05-25 22:20:30
3.51,76.00,45.46,Waspada,2026-05-25 22:20:45
3.63,80.32,46.50,Waspada,2026-05-25 22:21:00
3.46,73.86,42.20,Waspada,2026-05-25 22:21:15
3.54,75.52,43.60,Waspada,2026-05-25 22:21:30
3.54,77.92,39.29,Waspada,2026-05-25 22:21:45
3.40,74.76,44.53,Waspada,2026-05-25 22:22:00
3.31,71.88,38.14,Waspada,2026-05-25 22:22:15
3.49,75.83,41.41,Waspada,2026-05-25 22:22:30
3.72,79.55,41.38,Waspada,2026-05-25 22:22:45
3.56,76.76,43.78,Waspada,2026-05-25 22:23:00
3.74,82.10,45.63,Waspada,2026-05-25 22:23:15
3.85,85.93,43.10,Waspada,2026-05-25 22:23:30
4.63,99.69,58.55,Siaga,2026-05-25 22:23:45
3.81,84.84,48.03,Waspada,2026-05-25 22:24:00
3.93,87.35,45.27,Waspada,2026-05-25 22:24:15
3.90,86.56,47.11,Waspada,2026-05-25 22:24:30
4.12,90.51,52.63,Siaga,2026-05-25 22:24:45
4.05,88.25,49.66,Siaga,2026-05-25 22:25:00
3.41,73.80,44.38,Waspada,2026-05-25 22:25:15
3.23,72.61,35.26,Waspada,2026-05-25 22:25:30
3.14,70.88,37.83,Waspada,2026-05-25 22:25:45
3.33,75.28,42.00,Waspada,2026-05-25 22:26:00
3.51,79.58,43.96,Waspada,2026-05-25 22:26:15
3.76,80.40,43.48,Waspada,2026-05-25 22:26:30
3.72,82.33,41.82,Waspada,2026-05-25 22:26:45
3.60,80.51,46.74,Waspada,2026-05-25 22:27:00
3.73,80.58,46.21,Waspada,2026-05-25 22:27:15
3.72,84.37,40.76,Waspada,2026-05-25 22:27:30
3.76,82.92,48.24,Waspada,2026-05-25 22:27:45
3.65,79.54,44.48,Waspada,2026-05-25 22:28:00
3.61,80.25,42.61,Waspada,2026-05-25 22:28:15
3.78,81.20,43.80,Waspada,2026-05-25 22:28:30
3.99,87.33,45.53,Waspada,2026-05-25 22:28:45
4.15,91.82,49.06,Siaga,2026-05-25 22:29:00
3.65,80.24,39.95,Waspada,2026-05-25 22:29:15
3.59,81.17,44.56,Waspada,2026-05-25 22:29:30
3.74,80.42,41.72,Waspada,2026-05-25 22:29:45
3.58,77.71,39.79,Waspada,2026-05-25 22:30:00
4.35,94.13,55.50,Siaga,2026-05-25 22:30:15
3.56,78.40,46.27,Waspada,2026-05-25 22:30:30
3.40,74.21,41.85,Waspada,2026-05-25 22:30:45
3.17,69.24,41.15,Waspada,2026-05-25 22:31:00
3.11,68.68,38.54,Waspada,2026-05-25 22:31:15
3.93,85.04,43.66,Waspada,2026-05-25 22:31:30
3.72,80.38,42.48,Waspada,2026-05-25 22:31:45
3.61,77.49,42.70,Waspada,2026-05-25 22:32:00
3.69,81.27,45.36,Waspada,2026-05-25 22:32:15
3.49,77.45,41.48,Waspada,2026-05-25 22:32:30
3.65,80.93,44.10,Waspada,2026-05-25 22:32:45
3.40,74.42,43.05,Waspada,2026-05-25 22:33:00
4.36,96.61,51.46,Siaga,2026-05-25 22:33:15
3.58,80.76,46.88,Waspada,2026-05-25 22:33:30
3.73,80.61,41.99,Waspada,2026-05-25 22:33:45
3.69,80.91,45.10,Waspada,2026-05-25 22:34:00
3.93,87.67,45.99,Waspada,2026-05-25 22:34:15
3.96,86.03,47.73,Waspada,2026-05-25 22:34:30
3.77,83.14,48.27,Waspada,2026-05-25 22:34:45
3.58,78.86,40.46,Waspada,2026-05-25 22:35:00
3.75,82.65,44.14,Waspada,2026-05-25 22:35:15
3.87,85.50,48.77,Waspada,2026-05-25 22:35:30
3.66,79.75,43.39,Waspada,2026-05-25 22:35:45
3.63,81.90,43.30,Waspada,2026-05-25 22:36:00
3.52,76.05,39.83,Waspada,2026-05-25 22:36:15
3.68,80.28,41.24,Waspada,2026-05-25 22:36:30
3.57,80.34,44.42,Waspada,2026-05-25 22:36:45
3.65,80.35,44.01,Waspada,2026-05-25 22:37:00
3.61,77.49,40.73,Waspada,2026-05-25 22:37:15
3.63,80.80,42.54,Waspada,2026-05-25 22:37:30
3.43,75.54,39.89,Waspada,2026-05-25 22:37:45
3.54,79.84,40.80,Waspada,2026-05-25 22:38:00
3.60,79.77,42.72,Waspada,2026-05-25 22:38:15
3.42,74.67,44.41,Waspada,2026-05-25 22:38:30
3.38,72.30,37.77,Waspada,2026-05-25 22:38:45
3.37,76.21,42.21,Waspada,2026-05-25 22:39:00
3.24,71.01,42.85,Waspada,2026-05-25 22:39:15
3.48,76.25,39.61,Waspada,2026-05-25 22:39:30
3.67,80.51,45.04,Waspada,2026-05-25 22:39:45
3.92,86.94,44.32,Waspada,2026-05-25 22:40:00
4.05,90.23,49.49,Siaga,2026-05-25 22:40:15
3.14,69.73,37.42,Waspada,2026-05-25 22:40:30
3.46,77.39,42.52,Waspada,2026-05-25 22:40:45
3.22,72.44,38.01,Waspada,2026-05-25 22:41:00
3.02,64.60,35.74,Waspada,2026-05-25 22:41:15
3.12,69.55,38.24,Waspada,2026-05-25 22:41:30
4.25,92.56,54.86,Siaga,2026-05-25 22:41:45
3.62,79.83,45.18,Waspada,2026-05-25 22:42:00
3.57,80.51,40.91,Waspada,2026-05-25 22:42:15
3.72,80.97,47.83,Waspada,2026-05-25 22:42:30
3.65,79.87,41.34,Waspada,2026-05-25 22:42:45
3.57,77.23,45.19,Waspada,2026-05-25 22:43:00
3.59,78.74,41.17,Waspada,2026-05-25 22:43:15
3.50,75.16,39.95,Waspada,2026-05-25 22:43:30
3.52,78.47,40.64,Waspada,2026-05-25 22:43:45
3.51,77.78,38.48,Waspada,2026-05-25 22:44:00
3.35,74.38,43.16,Waspada,2026-05-25 22:44:15
3.53,77.57,45.10,Waspada,2026-05-25 22:44:30
3.94,86.40,45.32,Waspada,2026-05-25 22:44:45
3.99,87.88,45.07,Waspada,2026-05-25 22:45:00
3.85,85.60,43.31,Waspada,2026-05-25 22:45:15
4.54,98.88,56.29,Siaga,2026-05-25 22:45:30
3.78,85.16,44.55,Waspada,2026-05-25 22:45:45
4.59,101.90,56.62,Siaga,2026-05-25 22:46:00
4.12,90.16,49.48,Siaga,2026-05-25 22:46:15
4.18,92.75,51.69,Siaga,2026-05-25 22:46:30
3.79,82.86,46.97,Waspada,2026-05-25 22:46:50
3.76,84.68,47.79,Waspada,2026-05-25 22:47:05
3.65,82.11,47.17,Waspada,2026-05-25 22:47:20
5.58,122.5,69.18,Awas,2026-05-25 22:47:35
5.03,109.71,60.18,Awas,2026-05-25 22:47:50
4.56,99.18,55.45,Siaga,2026-05-25 22:48:05
3.88,84.86,47.26,Waspada,2026-05-25 22:48:20
3.85,85.75,46.26,Waspada,2026-05-25 22:48:35
3.98,88.51,46.78,Waspada,2026-05-25 22:48:50
4.03,86.93,45.78,Siaga,2026-05-25 22:49:05
3.36,72.34,43.78,Waspada,2026-05-25 22:49:20
3.19,70.01,40.85,Waspada,2026-05-25 22:49:35
3.41,73.33,38.48,Waspada,2026-05-25 22:49:50
3.51,78.03,41.65,Waspada,2026-05-25 22:50:05
3.61,79.45,44.29,Waspada,2026-05-25 22:50:20
3.88,87.6,47.61,Waspada,2026-05-25 22:50:53
3.41,73.07,38.55,Waspada,2026-05-25 22:51:08
3.63,80.64,44.48,Waspada,2026-05-25 22:51:23
3.28,71.93,42.67,Waspada,2026-05-25 22:51:38
3.11,68.35,38.71,Waspada,2026-05-25 22:51:53
3.56,79.72,42.18,Waspada,2026-05-25 22:52:08
3.02,64.86,32.97,Waspada,2026-05-25 22:52:23
2.92,63.04,31.89,Aman,2026-05-25 22:52:38
3.12,67.05,37.53,Waspada,2026-05-25 22:52:53
3.58,80.3,45.58,Waspada,2026-05-25 22:53:08
3.26,72.3,41.19,Waspada,2026-05-25 22:53:23
3.15,67.59,35.36,Waspada,2026-05-25 22:53:38
3.13,70.72,36.8,Waspada,2026-05-25 22:53:53
3.24,73.04,41.6,Waspada,2026-05-25 22:54:08
3.24,72.98,42.39,Waspada,2026-05-25 22:54:23
3.35,71.86,41.51,Waspada,2026-05-26 21:06:34
3.48,76.68,37.83,Waspada,2026-05-26 21:06:49
3.5,77.35,42.4,Waspada,2026-05-26 21:07:04
3.36,72.9,41,Waspada,2026-05-26 21:07:19
3.2,68.98,36.96,Waspada,2026-05-26 21:07:34
3.58,79.58,46.62,Waspada,2026-05-26 21:07:49
3.09,66.53,39.57,Waspada,2026-05-26 21:08:04
3.09,68.42,39.47,Waspada,2026-05-26 21:08:19
3.39,75.88,41.9,Waspada,2026-05-26 21:08:34
3.48,77.32,38.9,Waspada,2026-05-26 21:08:49
3.61,78.53,42.74,Waspada,2026-05-26 21:09:04
3.54,78.17,43.7,Waspada,2026-05-26 21:09:19
4.09,88.52,48.21,Siaga,2026-05-26 21:09:34
3.56,77.14,40.45,Waspada,2026-05-26 21:09:49
3.42,75.83,42.97,Waspada,2026-05-26 21:10:04
4.02,86.67,51.8,Siaga,2026-05-26 21:10:19
3.67,79.85,47.41,Waspada,2026-05-26 21:10:34
3.33,71,41.12,Waspada,2026-05-26 21:10:49
3.15,68.88,35.42,Waspada,2026-05-26 21:11:04
3.74,80.48,43.67,Waspada,2026-05-26 21:11:19
3.31,71.59,43.49,Waspada,2026-05-26 21:11:34
3.33,72.99,40.45,Waspada,2026-05-26 21:11:49
3.3,74.97,36.19,Waspada,2026-05-26 21:12:04
3.18,69.04,36.62,Waspada,2026-05-26 21:12:19
3.23,71.54,42.57,Waspada,2026-05-26 21:12:34
3.25,70.46,38.87,Waspada,2026-05-26 21:12:49
3.31,75.34,39.7,Waspada,2026-05-26 21:13:04
3.49,76.59,45.89,Waspada,2026-05-26 21:13:19
4.16,92.83,48.84,Siaga,2026-05-26 21:13:34
3.92,87.71,48.3,Waspada,2026-05-26 21:13:49
3.51,76.55,43.45,Waspada,2026-05-26 21:14:04
3.6,79.36,46.9,Waspada,2026-05-26 21:14:19
3.41,77.2,37.17,Waspada,2026-05-26 21:14:34
3.43,73.54,39.89,Waspada,2026-05-26 21:14:49
3.48,76.06,41.8,Waspada,2026-05-26 21:15:04
3.61,77.13,44.48,Waspada,2026-05-26 21:15:19
3.23,68.94,36.99,Waspada,2026-05-26 21:15:34
3.39,75.67,38.22,Waspada,2026-05-26 21:15:49
3.36,76.19,37.09,Waspada,2026-05-26 21:16:04
3.53,77.53,45.41,Waspada,2026-05-26 21:16:19
3.35,72.62,36.88,Waspada,2026-05-26 21:16:34
3.17,69.29,38.36,Waspada,2026-05-26 21:16:49
3.15,71.22,34.53,Waspada,2026-05-26 21:17:04
3.91,85.58,50.91,Waspada,2026-05-26 21:17:19
3.5,77.04,44.04,Waspada,2026-05-26 21:17:34
3.68,82.48,41.13,Waspada,2026-05-26 21:17:49
3.46,76.31,42,Waspada,2026-05-26 21:18:04
3.28,73.87,36.7,Waspada,2026-05-26 21:18:19
3.6,78.85,40.04,Waspada,2026-05-26 21:18:34
3.96,86.24,46.98,Waspada,2026-05-26 21:18:49
3.68,82.02,40.24,Waspada,2026-05-26 21:19:04
3.4,73.94,37.21,Waspada,2026-05-26 21:19:19
3.46,74.11,39.43,Waspada,2026-05-26 21:19:34
3.28,73.66,42.13,Waspada,2026-05-26 21:19:49
3.1,67.87,34.49,Waspada,2026-05-26 21:20:04
3.28,72.03,36.18,Waspada,2026-05-26 21:20:19
3.45,74.17,38.23,Waspada,2026-05-26 21:20:34
3.34,72.32,40.57,Waspada,2026-05-26 21:20:49
3.51,77.96,39.38,Waspada,2026-05-26 21:21:04
3.2,71.98,39.45,Waspada,2026-05-26 21:21:19
3.15,68.84,35.94,Waspada,2026-05-26 21:21:34
3.05,68.45,33.36,Waspada,2026-05-26 21:21:49
2.92,66.32,38.36,Aman,2026-05-26 21:22:04
3,64.84,38.02,Waspada,2026-05-26 21:22:19
2.87,61.14,35.87,Aman,2026-05-26 21:22:34
3.52,77.14,44.73,Waspada,2026-05-26 21:22:49
3.13,70.56,38.49,Waspada,2026-05-26 21:23:04
3.78,85.31,48.23,Waspada,2026-05-26 21:23:19
3.9,84.49,43.21,Waspada,2026-05-26 21:23:34
3.7,79.13,47.63,Waspada,2026-05-26 21:23:49
4.07,88.53,46.95,Siaga,2026-05-26 21:24:04
3.82,83.04,47.11,Waspada,2026-05-26 21:24:19
3.31,72.43,39.5,Waspada,2026-05-26 21:24:34
4.09,92.14,47.78,Siaga,2026-05-26 21:24:49
3.65,81.94,41.5,Waspada,2026-05-26 21:25:04
4.14,93.18,46.98,Siaga,2026-05-26 21:25:19
3.96,87.55,50.42,Waspada,2026-05-26 21:25:34
3.55,78.38,41.58,Waspada,2026-05-26 21:25:49
3.84,83.1,45.92,Waspada,2026-05-26 21:26:04
3.79,84.37,44.81,Waspada,2026-05-26 21:26:20
3.27,73.53,37.08,Waspada,2026-05-26 21:26:35
3.61,79.29,41.74,Waspada,2026-05-26 21:26:50
3.35,71.76,43.96,Waspada,2026-05-26 21:27:05
3.21,72.21,35.63,Waspada,2026-05-26 21:27:20
3.04,67.38,37.15,Waspada,2026-05-26 21:27:35
2.86,64.71,33.98,Aman,2026-05-26 21:27:50
2.88,64.23,32,Aman,2026-05-26 21:28:05
3.02,68.06,36.82,Waspada,2026-05-26 21:28:20
3.39,75.33,42.33,Waspada,2026-05-26 21:28:35
3.22,70.16,36.83,Waspada,2026-05-26 21:28:50
3.26,73.52,39.94,Waspada,2026-05-26 21:29:05
3.08,70.12,38.87,Waspada,2026-05-26 21:29:20
3.42,77.01,41.81,Waspada,2026-05-26 21:29:35
3.43,75.2,44.23,Waspada,2026-05-26 21:29:50
3.6,78.39,45.26,Waspada,2026-05-26 21:30:05
3.38,74.18,40.15,Waspada,2026-05-26 21:30:20
3.35,75.06,40.05,Waspada,2026-05-26 21:30:35
3.17,67.77,36.29,Waspada,2026-06-02 12:28:19
3.41,76.46,44.79,Waspada,2026-06-02 12:28:34
3.33,74.42,39.03,Waspada,2026-06-02 12:28:49
3.22,68.75,40.52,Waspada,2026-06-02 12:29:04
3.04,68.64,34.61,Waspada,2026-06-02 12:29:19
2.88,64.02,32.71,Aman,2026-06-02 12:29:34
3.01,67.24,36.58,Waspada,2026-06-02 12:29:49
3.02,67.45,36.6,Waspada,2026-06-02 12:30:04
3.08,69.87,36.19,Waspada,2026-06-02 12:30:19
3.12,70.24,39.19,Waspada,2026-06-02 12:30:34
3.29,74.22,37.96,Waspada,2026-06-02 12:30:49
3.23,71.21,37.87,Waspada,2026-06-02 12:31:04
3.32,75.51,41.19,Waspada,2026-06-02 12:31:19
3.35,72.86,39.8,Waspada,2026-06-02 12:31:34
3.29,73.95,37.97,Waspada,2026-06-02 12:31:49
3.74,83.5,48.45,Waspada,2026-06-02 12:32:04
3.58,80.26,44.85,Waspada,2026-06-02 12:32:19
3.1,68.87,40.09,Waspada,2026-06-02 12:32:34
3.16,71.21,37.92,Waspada,2026-06-02 12:32:49
3.1,69.78,38.97,Waspada,2026-06-02 12:33:04
3.48,78.88,42.27,Waspada,2026-06-02 12:33:19
3.43,74.77,42.99,Waspada,2026-06-02 12:33:34
3.33,71.27,37.07,Waspada,2026-06-02 12:33:49
3.2,69.14,38.27,Waspada,2026-06-02 12:34:04
3.23,71.69,35.63,Waspada,2026-06-02 12:34:19
3.43,76.48,39.47,Waspada,2026-06-02 12:34:34
3.28,72.46,35.8,Waspada,2026-06-02 12:34:49
3.57,80.96,43.07,Waspada,2026-06-02 12:35:04
3.25,72.26,35.23,Waspada,2026-06-02 12:35:19
3.32,75.22,40.46,Waspada,2026-06-02 12:35:34
3.17,70.25,37.82,Waspada,2026-06-02 12:35:49
3.28,74.1,39.42,Waspada,2026-06-02 12:36:04
3.46,74.48,40.79,Waspada,2026-06-02 12:36:19
3.58,81.07,46.49,Waspada,2026-06-02 12:36:34
3.14,71.36,41.63,Waspada,2026-06-02 12:36:49
3.09,67.23,38.21,Waspada,2026-06-02 12:37:12
3.42,73.66,38.23,Waspada,2026-06-02 12:37:27
3.47,74.74,41.84,Waspada,2026-06-02 12:37:42
3.78,84.19,45.43,Waspada,2026-06-02 12:37:57
3.45,73.94,41.58,Waspada,2026-06-02 12:38:12
3.3,71.31,41.22,Waspada,2026-06-02 12:38:27
3.26,71.87,36.27,Waspada,2026-06-02 12:49:20
3.36,73.06,38.9,Waspada,2026-06-02 12:49:35
3.28,71.84,37.26,Waspada,2026-06-02 12:49:50
3.09,65.68,39.75,Waspada,2026-06-02 12:50:05
3.09,67.78,36.4,Waspada,2026-06-02 12:50:20
3.8,81.09,45.33,Waspada,2026-06-02 12:50:35
3.27,73.86,43.11,Waspada,2026-06-02 12:50:50
3.77,80.93,45.09,Waspada,2026-06-02 12:51:05
3.59,80.4,43.59,Waspada,2026-06-02 12:51:20
3.14,70.9,41.42,Waspada,2026-06-02 12:51:35
3.14,68.4,34.17,Waspada,2026-06-02 12:51:50
3.47,76.36,42.48,Waspada,2026-06-02 12:52:05
3.62,82,43.45,Waspada,2026-06-02 12:52:20
3.45,77.27,43.48,Waspada,2026-06-02 12:52:35
3.59,81.4,39.16,Waspada,2026-06-02 12:52:50
3.12,67.38,39.4,Waspada,2026-06-02 12:53:05
3.06,67.36,37.81,Waspada,2026-06-02 12:53:20
3.45,75.05,43.5,Waspada,2026-06-02 12:53:35
3.35,72.45,41.43,Waspada,2026-06-02 12:53:50
3.38,73.82,39.63,Waspada,2026-06-02 12:54:05
3.42,73.48,43.51,Waspada,2026-06-02 12:54:20
3.33,75.31,42.04,Waspada,2026-06-02 12:54:35
3.25,72.48,41.74,Waspada,2026-06-02 12:54:50
3.67,81.74,43.04,Waspada,2026-06-02 12:55:05
3.49,78.57,40.49,Waspada,2026-06-02 12:55:20
3.58,79.48,46.33,Waspada,2026-06-02 12:55:35
3.1,68.63,40.68,Waspada,2026-06-02 12:55:50
3.32,75.55,37.82,Waspada,2026-06-02 12:56:05
3.33,74.7,39.44,Waspada,2026-06-02 12:56:20
3.33,74.36,37.15,Waspada,2026-06-02 12:56:35
3.19,70.52,41.74,Waspada,2026-06-02 12:56:50
3.28,71.94,36.93,Waspada,2026-06-02 12:57:05
3.32,71.82,41.63,Waspada,2026-06-02 12:57:20
3.29,71.14,42.49,Waspada,2026-06-02 12:57:35
3.55,79.28,40.56,Waspada,2026-06-02 12:57:50
2.97,63.3,34.95,Aman,2026-06-02 12:58:05
2.84,62.52,35.73,Aman,2026-06-02 12:58:20
2.97,66.03,36.36,Aman,2026-06-02 12:58:35
3.02,64.13,38.07,Waspada,2026-06-02 12:58:50
3.09,69.1,39.67,Waspada,2026-06-02 12:59:05
2.97,66.85,38.48,Aman,2026-06-02 12:59:20
3.28,72.79,42.11,Waspada,2026-06-02 12:59:35
3.1,70.29,35.02,Waspada,2026-06-02 12:59:50
3.22,73.11,37.39,Waspada,2026-06-02 13:00:05
3.31,72.9,41.92,Waspada,2026-06-02 13:00:20
3.49,74.38,41.86,Waspada,2026-06-02 13:00:35
3.44,75.22,40.73,Waspada,2026-06-02 13:00:50
3.61,77.77,39.7,Waspada,2026-06-02 13:01:05
3.22,68.46,40.29,Waspada,2026-06-02 13:01:20
3.37,73.14,36.46,Waspada,2026-06-02 13:01:35
3.46,74.96,39.14,Waspada,2026-06-02 13:01:50
3.29,72.64,36.33,Waspada,2026-06-02 13:02:05
3.31,75.19,42.18,Waspada,2026-06-02 13:02:20
3.3,71.55,41.12,Waspada,2026-06-02 13:02:47
3.36,72.01,39.46,Waspada,2026-06-02 13:03:02
4.23,94.17,48.07,Siaga,2026-06-02 13:03:17
4.01,88.56,46.05,Siaga,2026-06-02 13:03:32
3.86,82.69,48.67,Waspada,2026-06-02 13:03:47
3.47,77.01,42.92,Waspada,2026-06-02 13:04:02
3.3,72.49,37.94,Waspada,2026-06-02 13:04:17
4.12,92.82,52.55,Siaga,2026-06-02 13:04:32
3.9,86.69,50.73,Waspada,2026-06-02 13:04:47
3.77,83.51,42.29,Waspada,2026-06-02 13:05:02
3.51,78.23,40.65,Waspada,2026-06-02 13:05:17
3.27,71.31,40.1,Waspada,2026-06-02 13:05:32
3.17,69.34,39.69,Waspada,2026-06-02 13:05:47
2.99,66.65,39.62,Aman,2026-06-02 13:06:02
3,65.45,33.7,Waspada,2026-06-02 13:06:17
3.06,68.66,33.96,Waspada,2026-06-02 13:06:32
3.18,71.66,36.95,Waspada,2026-06-02 13:06:47
3.15,66.86,38.85,Waspada,2026-06-02 13:07:02
3.17,71.52,39.26,Waspada,2026-06-02 13:07:17
3.15,67.54,39.25,Waspada,2026-06-02 13:07:32
3.54,77.77,46.2,Waspada,2026-06-02 13:07:47
2.99,67.17,35.33,Aman,2026-06-02 13:08:02
3.11,66.88,36.06,Waspada,2026-06-02 13:08:17
3.12,68.59,40.4,Waspada,2026-06-02 13:08:52
3.09,68.33,33.29,Waspada,2026-06-02 13:09:07
3.11,69,40.41,Waspada,2026-06-02 13:09:22
3.28,71.5,39.1,Waspada,2026-06-02 13:09:37
3.2,68.46,35.66,Waspada,2026-06-02 13:09:52
4,87.44,49.81,Siaga,2026-06-02 13:10:07
4.23,95.38,54.61,Siaga,2026-06-02 13:10:22
3.8,82.76,48.21,Waspada,2026-06-02 13:10:37
3.42,75.1,40.26,Waspada,2026-06-02 13:10:52
3.59,78.6,39.73,Waspada,2026-06-02 13:11:07
3.06,68.48,37.78,Waspada,2026-06-02 13:11:22
3.09,67.63,40.18,Waspada,2026-06-02 13:11:37
3.25,71.64,36.13,Waspada,2026-06-02 13:11:52
3.43,75.58,40.74,Waspada,2026-06-02 13:12:07
3.88,84.22,48.93,Waspada,2026-06-02 13:12:22
3.56,80.32,41.53,Waspada,2026-06-02 13:12:37
3.41,75.24,43.72,Waspada,2026-06-02 13:12:52
3.37,72.93,42.33,Waspada,2026-06-02 13:13:07
3.41,75.16,44.01,Waspada,2026-06-02 13:13:22
3.51,77.68,44.02,Waspada,2026-06-02 13:13:37
3.02,64.72,38.92,Waspada,2026-06-02 13:13:52
3.14,67.76,41.13,Waspada,2026-06-02 13:14:07
2.98,67.54,35.71,Aman,2026-06-02 13:14:22
2.88,63.91,31.42,Aman,2026-06-02 13:14:37
3.05,69.56,36.64,Waspada,2026-06-02 13:14:52
3.04,67.06,39.26,Waspada,2026-06-02 13:15:07
3.05,67.68,40.48,Waspada,2026-06-02 13:15:22
3.18,68.81,41.53,Waspada,2026-06-02 13:15:37
3.26,70.67,41.81,Waspada,2026-06-02 13:15:52
3.45,76.08,44.28,Waspada,2026-06-02 13:16:07
3.55,78.83,38.82,Waspada,2026-06-02 13:16:22
3.03,67.9,37.13,Waspada,2026-06-02 13:16:37
3,63.59,35.15,Waspada,2026-06-02 13:16:52
3.01,68.61,38.1,Waspada,2026-06-02 13:17:07
3.03,64.69,39.14,Waspada,2026-06-02 13:17:22
2.83,61.14,37.75,Aman,2026-06-02 13:17:37
3.64,80.49,43.66,Waspada,2026-06-02 13:17:52
3.41,73.84,40.26,Waspada,2026-06-02 13:18:07
3.37,74.94,42.28,Waspada,2026-06-02 13:18:22
3.43,75.81,39.04,Waspada,2026-06-02 13:18:37
3.29,72.31,42.1,Waspada,2026-06-02 13:18:52
3.57,76.13,40.89,Waspada,2026-06-02 13:19:07
3.23,71.01,42.3,Waspada,2026-06-02 13:19:22
3.43,73.32,44.37,Waspada,2026-06-02 13:19:37
3.38,76,43.29,Waspada,2026-06-02 13:19:52
3.18,69.3,38.88,Waspada,2026-06-02 13:20:07
3.04,66.28,34.3,Waspada,2026-06-02 13:20:22
2.94,62.21,34.43,Aman,2026-06-02 13:20:37
3.07,69.15,39.41,Waspada,2026-06-02 13:20:53
3.25,71.76,35.12,Waspada,2026-06-02 13:21:08
3.4,77.08,38.37,Waspada,2026-06-02 13:21:23
3.36,72.06,41.75,Waspada,2026-06-02 13:21:38
3.54,79.54,40.08,Waspada,2026-06-02 13:21:53
3.02,67.69,33.82,Waspada,2026-06-02 13:22:08
3.54,77.74,45.23,Waspada,2026-06-02 13:22:23
2.97,67.17,37.55,Aman,2026-06-02 13:22:38
3.13,67.93,35.21,Waspada,2026-06-02 13:22:53
3.49,77.34,38.39,Waspada,2026-06-02 13:23:08
3.84,86.34,45.01,Waspada,2026-06-02 13:23:23
3.25,73.27,42.84,Waspada,2026-06-02 13:23:38
3.11,68.61,37.75,Waspada,2026-06-02 13:23:53
3.15,66.96,34.74,Waspada,2026-06-02 13:24:08
3.06,66.01,37.4,Waspada,2026-06-02 13:24:23
3.24,72.76,36.06,Waspada,2026-06-02 13:24:38
3.22,69.31,40.49,Waspada,2026-06-02 13:24:53
3.28,71.34,40.44,Waspada,2026-06-02 13:25:08
3.44,73.2,40.82,Waspada,2026-06-02 13:25:23
3.26,73.11,37.76,Waspada,2026-06-02 13:25:38
3.41,74.62,44.34,Waspada,2026-06-02 13:25:53
3.34,75.45,37.69,Waspada,2026-06-02 13:26:08
3.42,75.94,41.9,Waspada,2026-06-02 13:26:23
3.36,71.66,43.65,Waspada,2026-06-02 13:26:38
3.47,76.6,38.18,Waspada,2026-06-02 13:26:53
3.77,84.91,49.13,Waspada,2026-06-02 13:27:08
3.47,77.14,41.51,Waspada,2026-06-02 13:27:23
3.4,72.68,37.43,Waspada,2026-06-02 13:27:38
3.23,72.39,42.05,Waspada,2026-06-02 13:27:53
3.3,74.59,39.42,Waspada,2026-06-02 13:28:08
3.47,77.08,38.73,Waspada,2026-06-02 13:28:23
3.36,75.44,36.45,Waspada,2026-06-02 13:28:38
3.54,78.15,41.62,Waspada,2026-06-02 13:28:53
3.31,72.27,42.23,Waspada,2026-06-02 13:29:08
3.2,70.37,41.24,Waspada,2026-06-02 13:29:23
3.2,69.46,42.13,Waspada,2026-06-02 13:29:38
3.46,76,42.26,Waspada,2026-06-02 13:29:53
3.5,77.71,39.86,Waspada,2026-06-02 13:30:08
3.6,81.71,45.77,Waspada,2026-06-02 13:30:23
3.44,77.39,40.42,Waspada,2026-06-02 13:30:38
3.47,74.12,42.2,Waspada,2026-06-02 13:30:53
3.34,72.32,39.98,Waspada,2026-06-02 13:31:08
3.39,75.21,38.11,Waspada,2026-06-02 13:31:23
3.61,79.74,47.03,Waspada,2026-06-02 13:31:38
3.27,72.69,42.88,Waspada,2026-06-02 13:31:53
3.32,74.95,41.87,Waspada,2026-06-02 13:32:08
3.3,72.84,40.54,Waspada,2026-06-02 13:32:23
3.3,73.82,39.73,Waspada,2026-06-02 13:32:38
3.33,74.14,42.38,Waspada,2026-06-02 13:32:53
3.16,70.04,38.18,Waspada,2026-06-02 13:33:08
3.57,79.09,41.72,Waspada,2026-06-02 13:33:23
3.22,71.25,38.05,Waspada,2026-06-02 13:33:38
3.07,69.24,34.32,Waspada,2026-06-02 13:33:53
3.1,66.89,37.68,Waspada,2026-06-02 13:34:08
3.16,69.35,41.71,Waspada,2026-06-02 13:34:23
3.17,71.03,40.6,Waspada,2026-06-02 13:34:38
3.03,66.72,38.54,Waspada,2026-06-02 13:34:53
2.92,64.32,31.51,Aman,2026-06-02 13:35:08
2.88,62.12,31.49,Aman,2026-06-02 13:35:23
2.81,59.86,37.33,Aman,2026-06-02 13:35:38
2.82,64,30.07,Aman,2026-06-02 13:35:53
2.8,59.67,31.44,Aman,2026-06-02 13:36:08
2.84,63.38,31.95,Aman,2026-06-02 13:36:23
2.76,58.22,36.85,Aman,2026-06-02 13:36:38
2.65,57.83,34.86,Aman,2026-06-02 13:36:53
2.78,62.86,34.75,Aman,2026-06-02 13:37:08
2.86,62.77,35.12,Aman,2026-06-02 13:37:23
3.7,82.76,43.25,Waspada,2026-06-02 13:37:38
3.52,77.52,41.83,Waspada,2026-06-02 13:37:53
3.09,68.25,36.78,Waspada,2026-06-02 13:38:08
3.09,66.66,35.82,Waspada,2026-06-02 13:38:23
2.97,67.73,36.03,Aman,2026-06-02 13:38:38
3.16,67.61,41.69,Waspada,2026-06-02 13:38:53
3.1,67.79,33.52,Waspada,2026-06-02 13:39:08
3.05,65.75,39.48,Waspada,2026-06-02 13:39:23
3.24,72.27,35.78,Waspada,2026-06-02 13:39:38
3.21,68.39,37.86,Waspada,2026-06-02 13:39:53
3.09,66.86,39.37,Waspada,2026-06-02 13:40:08
2.9,65.42,33.46,Aman,2026-06-02 13:40:23
3.05,67.58,35.87,Waspada,2026-06-02 13:40:38
3.63,80.31,42.62,Waspada,2026-06-02 13:40:53
3.19,70.43,38.82,Waspada,2026-06-02 13:41:08
3.19,70.08,42.25,Waspada,2026-06-02 13:41:23
3.99,86.02,51.49,Waspada,2026-06-02 13:41:38
3.62,81.97,39.99,Waspada,2026-06-02 13:41:53
3.63,82.11,44.79,Waspada,2026-06-02 13:42:08
3.38,75,39.84,Waspada,2026-06-02 13:42:23
3.28,74.02,39.47,Waspada,2026-06-02 13:42:38
3.1,67.81,35.42,Waspada,2026-06-02 13:42:53
2.92,63.08,33.83,Aman,2026-06-02 13:43:08
2.93,66.86,34.16,Aman,2026-06-02 13:43:23
2.83,64.15,31.24,Aman,2026-06-02 13:43:38
3.01,67.3,34.07,Waspada,2026-06-02 13:43:53
2.94,65.07,33.39,Aman,2026-06-02 13:44:08
3.04,68.98,35.48,Waspada,2026-06-02 13:44:23
2.88,61.08,34.77,Aman,2026-06-02 13:44:38
2.71,58.84,34.45,Aman,2026-06-02 13:44:53
2.72,57.75,30.43,Aman,2026-06-02 13:45:08
2.57,54.95,34.42,Aman,2026-06-02 13:45:23
3.33,73.94,40.35,Waspada,2026-06-02 13:45:38
3.14,70.6,33.89,Waspada,2026-06-02 13:45:53
3.3,72.86,43.38,Waspada,2026-06-02 13:46:08
3.16,70.75,41.85,Waspada,2026-06-02 13:46:23
3.15,71.68,38.81,Waspada,2026-06-02 13:46:38
3.13,68.89,36.22,Waspada,2026-06-02 13:46:53
3.21,68.56,40.16,Waspada,2026-06-02 13:47:08
3.32,72.43,38.72,Waspada,2026-06-02 13:47:23
3.4,73.14,41.78,Waspada,2026-06-02 13:47:38
3.76,80.22,46.84,Waspada,2026-06-02 13:47:53
3.3,70.21,41.33,Waspada,2026-06-02 13:48:08
3.41,75.7,41.38,Waspada,2026-06-02 13:48:23
3.39,73.91,40.33,Waspada,2026-06-02 13:48:38
3.65,82.3,47.69,Waspada,2026-06-02 13:48:53
3.5,75.1,43.53,Waspada,2026-06-02 13:49:08
2.99,67.49,37.96,Aman,2026-06-02 13:49:23
3.2,70.71,35.81,Waspada,2026-06-02 13:49:38
3.35,71.63,37.26,Waspada,2026-06-02 13:49:54
3.48,74.64,45.57,Waspada,2026-06-02 13:50:09
3.36,73.5,37.29,Waspada,2026-06-02 13:50:24
3.37,72.47,37.95,Waspada,2026-06-02 13:50:39
3.34,75.65,38.09,Waspada,2026-06-02 13:50:54
4.25,93.99,47.25,Siaga,2026-06-02 13:51:09
4.07,89.54,51.37,Siaga,2026-06-02 13:51:24
4.26,93.88,50.12,Siaga,2026-06-02 13:51:39
3.81,85.61,49.49,Waspada,2026-06-02 13:51:54
3.47,77.83,43.8,Waspada,2026-06-02 13:52:09
3.65,79.3,42.07,Waspada,2026-06-02 13:52:24
3.14,69,38.64,Waspada,2026-06-02 13:52:39
3.15,69.66,40.29,Waspada,2026-06-02 13:52:54
3.3,73.22,42.27,Waspada,2026-06-02 13:53:09
3.46,77.17,41.39,Waspada,2026-06-02 13:53:24
3.63,81.89,40.63,Waspada,2026-06-02 13:53:39
3.14,68.54,34,Waspada,2026-06-02 13:53:54
3.13,67.63,36.76,Waspada,2026-06-02 13:54:09
3.03,66.99,38.07,Waspada,2026-06-02 13:54:24
3.61,80.91,41.26,Waspada,2026-06-02 13:54:39
3.39,74.12,41.86,Waspada,2026-06-02 13:54:54
3.25,72.06,42.41,Waspada,2026-06-02 13:55:09
3.43,77.82,37.94,Waspada,2026-06-02 13:55:24
3.28,70.18,38.19,Waspada,2026-06-02 13:55:39
3.64,81.57,46.35,Waspada,2026-06-02 13:55:54
3.41,77.17,37.78,Waspada,2026-06-02 13:56:09
3.47,75.44,39.94,Waspada,2026-06-02 13:56:24
3.28,73.79,36.24,Waspada,2026-06-02 13:56:39
3.24,70.33,42.24,Waspada,2026-06-02 13:56:54
3.04,66.08,38.96,Waspada,2026-06-02 13:57:09
3.22,72.75,36.7,Waspada,2026-06-02 13:57:24
